core_number,prefetcher,trace_set,speedup
2,triangel,ml-1,1.0086550034671582
2,triangel,google-17,0.9756046630651455
2,triangel,google-12,0.9954875185533159
2,triangel,mix-4,0.9827560999652237
2,triangel,google-11,0.9849138585841735
2,triangel,mix-9,0.9942606709362358
2,triangel,ml-22,1.0106970044726165
2,triangel,gap-24,0.9941183696888578
2,triangel,google-10,0.9870818667779848
2,triangel,spec17-20,1.063038044586255
2,triangel,ligra-20,0.9938954379807148
2,triangel,spec17-14,0.8084937440629493
2,triangel,google-23,0.9944580688172053
2,triangel,ml-4,0.9965225444268785
2,triangel,ligra-15,1.0179738579065833
2,triangel,gap-16,0.9882731877777222
2,triangel,spec17-3,1.0177582310082294
2,triangel,spec17-5,0.9091722006781437
2,triangel,google-6,0.9847169079009385
2,triangel,ml-3,1.0220722865042313
2,triangel,google-0,0.9894681173152005
2,triangel,spec17-12,1.0369195505052298
2,triangel,ligra-9,1.0043837345650748
2,triangel,ml-15,0.9993079956301619
2,triangel,gap-7,0.9915793675847688
2,triangel,google-8,0.9961798209278245
2,triangel,spec17-22,0.9247541640586379
2,triangel,google-21,0.9920975867065462
2,triangel,ml-18,1.0424116092260787
2,triangel,ligra-18,0.9893334730720398
2,triangel,google-5,0.9856055516682705
2,triangel,ml-23,1.0037278590700425
2,triangel,google-22,0.991860364710381
2,triangel,ml-17,1.0060083694842903
2,triangel,mix-21,1.1345646409387202
2,triangel,ligra-4,0.9937912837644858
2,triangel,google-24,0.9947114386610709
2,triangel,spec17-1,1.11101122631816
2,triangel,gap-8,0.9934954374916779
2,triangel,mix-13,0.988272074680493
2,triangel,google-9,0.9879853332547647
2,triangel,spec17-4,0.926276408503594
2,triangel,mix-15,0.9779105575702671
2,triangel,ligra-21,0.9987372179931477
2,triangel,ml-20,1.0248282130507052
2,triangel,mix-22,0.9962843877469202
2,triangel,ligra-0,1.0088893441871278
2,triangel,mix-17,0.9918200292416088
2,triangel,google-20,0.9779461674888786
2,triangel,gap-12,1.0742508964610429
2,triangel,mix-20,1.137921271707234
2,triangel,gap-21,1.0963314667636914
2,triangel,google-7,0.9902102982063412
2,triangel,ligra-22,0.9705257170550953
2,triangel,mix-3,0.9847410968700685
2,triangel,mix-23,1.0782644322133244
2,triangel,spec17-24,0.9182615345149364
2,triangel,google-3,0.9880402906672349
2,triangel,spec17-0,0.930498279835359
2,triangel,gap-3,1.1040090574256831
2,triangel,ligra-11,1.0068790891039845
2,triangel,ml-13,1.0045567147189933
2,triangel,gap-23,1.1042318902915762
2,triangel,ligra-14,0.9862605290510859
2,triangel,mix-16,0.9986378293186887
2,triangel,mix-14,1.0002838951453472
2,triangel,ligra-6,0.9744292499865309
2,triangel,ml-11,1.0073544454567525
2,triangel,spec17-10,0.8568528353127215
2,triangel,gap-4,1.0065596048541732
2,triangel,ligra-13,0.9920945150631589
2,triangel,spec17-16,0.7464741897019854
2,triangel,ligra-16,1.0119825232445179
2,triangel,gap-10,0.9990361074514885
2,triangel,gap-20,1.1216399366959573
2,triangel,ligra-12,0.997208083587425
2,triangel,mix-5,0.9761565933566837
2,triangel,mix-6,0.9954170006620637
2,triangel,mix-18,1.005164876772513
2,triangel,ml-10,1.1422977127355154
2,triangel,gap-13,1.0004834173968304
2,triangel,ligra-24,1.0012328707666212
2,triangel,ml-8,1.0200453398771427
2,triangel,google-18,0.9808080502210619
2,triangel,spec17-2,0.9182615345149364
2,triangel,ligra-17,1.0005287719340141
2,triangel,google-16,0.9640847873503898
2,triangel,mix-11,1.0022164635904631
2,triangel,spec17-8,1.150013857267393
2,triangel,google-2,0.9947114386610709
2,triangel,ligra-19,0.9905773760759693
2,triangel,ligra-3,0.9861060511003835
2,triangel,gap-15,1.140094975554981
2,triangel,mix-7,0.9967997088199134
2,triangel,ml-2,1.146133428896093
2,triangel,ml-5,0.9995845574574123
2,triangel,ligra-8,0.9973235591318931
2,triangel,spec17-11,1.0010507910682718
2,triangel,spec17-19,1.11101122631816
2,triangel,spec17-9,1.011406709475178
2,triangel,google-14,0.9992408018873871
2,triangel,spec17-15,0.9716803095849507
2,triangel,ligra-2,1.0012328707666212
2,triangel,mix-19,1.0002092308300672
2,triangel,google-15,0.9731887654150139
2,triangel,ml-21,1.0033983789292396
2,triangel,gap-0,1.1075480411211251
2,triangel,gap-11,0.99059710230558
2,triangel,ligra-5,1.0280424481944432
2,triangel,gap-14,0.9894107625234669
2,triangel,spec17-13,1.0623651403981018
2,triangel,mix-8,1.0042268391713784
2,triangel,mix-0,1.096253767301212
2,triangel,ligra-7,0.9856347472684447
2,triangel,gap-1,1.054778782575934
2,triangel,gap-17,1.0950318802800583
2,triangel,gap-2,0.9941183696888578
2,triangel,ml-7,1.0052080837386075
2,triangel,ml-19,1.0086550034671582
2,triangel,spec17-21,0.9635842451171988
2,triangel,mix-2,1.0916165379375367
2,triangel,ml-14,1.008349121039531
2,triangel,gap-19,1.054778782575934
2,triangel,ml-0,1.0190568111938252
2,triangel,google-13,0.9828146808572505
2,triangel,ligra-1,0.9905773760759693
2,triangel,gap-22,0.9934233705372807
2,triangel,ml-9,0.9998870378679785
2,triangel,spec17-6,1.0632180931830106
2,triangel,ml-12,1.150153409884238
2,triangel,gap-6,0.9962960294601257
2,triangel,gap-5,1.1175339495782755
2,triangel,ligra-23,1.0092841599238713
2,triangel,ml-16,1.0215448961717408
2,triangel,spec17-23,1.1450355801278038
2,triangel,ligra-10,0.9804948033082896
2,triangel,mix-12,0.998065460080903
2,triangel,ml-6,1.001502655783
2,triangel,google-1,0.9985471978928591
2,triangel,mix-1,1.0002092308300672
2,triangel,gap-18,0.9991112816964152
2,triangel,gap-9,1.235988578965493
2,triangel,spec17-18,1.1543170312856073
2,triangel,mix-10,0.9972302609109076
2,triangel,mix-24,1.0916165379375367
2,triangel,google-4,0.987968922039396
2,triangel,spec17-17,0.8140333039468018
2,triangel,spec17-7,1.05066004354343
2,triangel,ml-24,1.146133428896093
2,triangel,google-19,0.9985471978928591
2,prophet,ml-1,0.9865515621892792
2,prophet,google-17,0.9642264820776374
2,prophet,google-12,0.9853773574453727
2,prophet,mix-4,0.9452053281320802
2,prophet,google-11,0.9765785944349935
2,prophet,mix-9,0.9553224201342893
2,prophet,ml-22,1.0032841573019589
2,prophet,gap-24,0.9723139788357041
2,prophet,google-10,0.9583962037898565
2,prophet,spec17-20,0.8505479847599071
2,prophet,ligra-20,0.9772908897650687
2,prophet,spec17-14,0.7748092891016043
2,prophet,google-23,0.9755691106010461
2,prophet,ml-4,0.9972043761064286
2,prophet,ligra-15,0.9876821012294823
2,prophet,gap-16,0.9448763297065148
2,prophet,spec17-3,0.9738585996868605
2,prophet,spec17-5,0.8772507620552863
2,prophet,google-6,0.949351204493862
2,prophet,ml-3,0.9930041303862411
2,prophet,google-0,0.9838416380800604
2,prophet,spec17-12,0.9599513975926548
2,prophet,ligra-9,1.0022506238297804
2,prophet,ml-15,0.9903867463359356
2,prophet,gap-7,0.9470603152019205
2,prophet,google-8,0.9758277626497398
2,prophet,spec17-22,0.8825498560345644
2,prophet,google-21,0.9649431839716391
2,prophet,ml-18,0.9974599615773682
2,prophet,ligra-18,0.9821536291085878
2,prophet,google-5,0.9831950260038496
2,prophet,ml-23,0.989562745212654
2,prophet,google-22,0.9724956790490829
2,prophet,ml-17,0.9964125223668595
2,prophet,mix-21,0.9585911755382153
2,prophet,ligra-4,0.987493008701947
2,prophet,google-24,0.967974899771981
2,prophet,spec17-1,0.6982737205474007
2,prophet,gap-8,0.9455141084813575
2,prophet,mix-13,0.992993036141346
2,prophet,google-9,0.9657017342286399
2,prophet,spec17-4,0.9222595018689549
2,prophet,mix-15,0.9380743347092293
2,prophet,ligra-21,0.9951390344506109
2,prophet,ml-20,0.9912253110522243
2,prophet,mix-22,0.9870827041505619
2,prophet,ligra-0,0.969178946562752
2,prophet,mix-17,0.965806488855497
2,prophet,google-20,0.96242250849018
2,prophet,gap-12,0.9236789515962073
2,prophet,mix-20,0.7283667746055097
2,prophet,gap-21,0.9234118081084779
2,prophet,google-7,0.9633498031674766
2,prophet,ligra-22,0.9623807977308113
2,prophet,mix-3,0.948798060393268
2,prophet,mix-23,0.9313067456112563
2,prophet,spec17-24,0.9129797290403456
2,prophet,google-3,0.960977739534572
2,prophet,spec17-0,0.9195263775616217
2,prophet,gap-3,0.9122536106264972
2,prophet,ligra-11,0.9685186175573007
2,prophet,ml-13,0.998495611770949
2,prophet,gap-23,0.9405231073631991
2,prophet,ligra-14,0.9670748211129737
2,prophet,mix-16,0.9838101581375226
2,prophet,mix-14,0.9993919788777983
2,prophet,ligra-6,0.962391150456254
2,prophet,ml-11,0.9916978081626219
2,prophet,spec17-10,0.7103409135060702
2,prophet,gap-4,0.9999949458404023
2,prophet,ligra-13,0.9819049946592894
2,prophet,spec17-16,0.7140761004236039
2,prophet,ligra-16,1.0056173205378396
2,prophet,gap-10,0.9757868804103519
2,prophet,gap-20,0.9462050534246469
2,prophet,ligra-12,0.991849070914993
2,prophet,mix-5,0.913818330648422
2,prophet,mix-6,0.9744329108230505
2,prophet,mix-18,0.9658809278169255
2,prophet,ml-10,0.9985989897365413
2,prophet,gap-13,0.9722032993593509
2,prophet,ligra-24,0.9888842016959803
2,prophet,ml-8,0.9813102699492284
2,prophet,google-18,0.9534162530532921
2,prophet,spec17-2,0.9129797290403456
2,prophet,ligra-17,0.9715209843722596
2,prophet,google-16,0.9489716106622886
2,prophet,mix-11,0.9491075371461838
2,prophet,spec17-8,0.7368653546627937
2,prophet,google-2,0.967974899771981
2,prophet,ligra-19,0.9460320129202362
2,prophet,ligra-3,0.9685281460440167
2,prophet,gap-15,0.9359260915200085
2,prophet,mix-7,0.9651992257878592
2,prophet,ml-2,0.997020154579426
2,prophet,ml-5,0.9774408873443575
2,prophet,ligra-8,0.9951172805199674
2,prophet,spec17-11,1.0006763612541951
2,prophet,spec17-19,0.6982737205474007
2,prophet,spec17-9,0.9295256294797577
2,prophet,google-14,0.9858636765433131
2,prophet,spec17-15,0.9490125824414142
2,prophet,ligra-2,0.9888842016959803
2,prophet,mix-19,0.987956487361627
2,prophet,google-15,0.961982123258953
2,prophet,ml-21,0.9930229385047475
2,prophet,gap-0,0.9116067213207971
2,prophet,gap-11,0.9443443812387486
2,prophet,ligra-5,0.9976478627687086
2,prophet,gap-14,0.9471892284433613
2,prophet,spec17-13,0.895261064833528
2,prophet,mix-8,0.9752810429353939
2,prophet,mix-0,0.9496809996275477
2,prophet,ligra-7,0.9795606102473423
2,prophet,gap-1,0.9261959960569462
2,prophet,gap-17,0.9240416142046203
2,prophet,gap-2,0.9723139788357041
2,prophet,ml-7,0.995835238566163
2,prophet,ml-19,0.9865515621892792
2,prophet,spec17-21,0.9381777586976711
2,prophet,mix-2,0.9285955491645893
2,prophet,ml-14,0.9924281878655877
2,prophet,gap-19,0.9261959960569462
2,prophet,ml-0,0.9963899467414996
2,prophet,google-13,0.9601664069044626
2,prophet,ligra-1,0.9460320129202362
2,prophet,gap-22,0.966019827326341
2,prophet,ml-9,0.9884601433721782
2,prophet,spec17-6,0.8795670744728706
2,prophet,ml-12,0.9973826223716219
2,prophet,gap-6,0.9686852104570366
2,prophet,gap-5,0.9428083856667089
2,prophet,ligra-23,0.9797463120285719
2,prophet,ml-16,1.0025558619543424
2,prophet,spec17-23,0.7187053773167047
2,prophet,ligra-10,0.9675660371327207
2,prophet,mix-12,0.9992015135998484
2,prophet,ml-6,0.9755005053557243
2,prophet,google-1,0.9834755412671707
2,prophet,mix-1,0.987956487361627
2,prophet,gap-18,0.9688532475777544
2,prophet,gap-9,0.9085804273701624
2,prophet,spec17-18,0.735415097505419
2,prophet,mix-10,0.988931263770834
2,prophet,mix-24,0.9285955491645893
2,prophet,google-4,0.9746946898798937
2,prophet,spec17-17,0.7283559535157085
2,prophet,spec17-7,0.8666130819224301
2,prophet,ml-24,0.997020154579426
2,prophet,google-19,0.9834755412671707
2,prophetd1,ml-1,0.9865515621892792
2,prophetd1,google-17,0.9642264820776374
2,prophetd1,google-12,0.9853773574453727
2,prophetd1,mix-4,0.9452053281320802
2,prophetd1,google-11,0.9765785944349935
2,prophetd1,mix-9,0.9553224201342893
2,prophetd1,ml-22,1.0032841573019589
2,prophetd1,gap-24,0.9723139788357041
2,prophetd1,google-10,0.9583962037898565
2,prophetd1,spec17-20,0.8505479847599071
2,prophetd1,ligra-20,0.9772908897650687
2,prophetd1,spec17-14,0.7748092891016043
2,prophetd1,google-23,0.9755691106010461
2,prophetd1,ml-4,0.9972043761064286
2,prophetd1,ligra-15,0.9876821012294823
2,prophetd1,gap-16,0.9448763297065148
2,prophetd1,spec17-3,0.9738585996868605
2,prophetd1,spec17-5,0.8772507620552863
2,prophetd1,google-6,0.949351204493862
2,prophetd1,ml-3,0.9930041303862411
2,prophetd1,google-0,0.9838416380800604
2,prophetd1,spec17-12,0.9599513975926548
2,prophetd1,ligra-9,1.0022506238297804
2,prophetd1,ml-15,0.9903867463359356
2,prophetd1,gap-7,0.9470603152019205
2,prophetd1,google-8,0.9758277626497398
2,prophetd1,spec17-22,0.8825498560345644
2,prophetd1,google-21,0.9669993755955425
2,prophetd1,ml-18,0.9974599615773682
2,prophetd1,ligra-18,0.9821536291085878
2,prophetd1,google-5,0.9831950260038496
2,prophetd1,ml-23,0.989562745212654
2,prophetd1,google-22,0.9724956790490829
2,prophetd1,ml-17,0.9964125223668595
2,prophetd1,mix-21,0.9585911755382153
2,prophetd1,ligra-4,0.987493008701947
2,prophetd1,google-24,0.9705367771379753
2,prophetd1,spec17-1,0.6982737205474007
2,prophetd1,gap-8,0.9455141084813575
2,prophetd1,mix-13,0.992993036141346
2,prophetd1,google-9,0.9657017342286399
2,prophetd1,spec17-4,0.9222595018689549
2,prophetd1,mix-15,0.9380743347092293
2,prophetd1,ligra-21,0.9951390344506109
2,prophetd1,ml-20,0.9912253110522243
2,prophetd1,mix-22,0.9870827041505619
2,prophetd1,ligra-0,0.969178946562752
2,prophetd1,mix-17,0.965806488855497
2,prophetd1,google-20,0.96242250849018
2,prophetd1,gap-12,0.9236789515962073
2,prophetd1,mix-20,0.7283667746055097
2,prophetd1,gap-21,0.9234118081084779
2,prophetd1,google-7,0.9633498031674766
2,prophetd1,ligra-22,0.9623807977308113
2,prophetd1,mix-3,0.948798060393268
2,prophetd1,mix-23,0.9313067456112563
2,prophetd1,spec17-24,0.9129797290403456
2,prophetd1,google-3,0.960977739534572
2,prophetd1,spec17-0,0.9195263775616217
2,prophetd1,gap-3,0.9122536106264972
2,prophetd1,ligra-11,0.9685186175573007
2,prophetd1,ml-13,0.998495611770949
2,prophetd1,gap-23,0.9405231073631991
2,prophetd1,ligra-14,0.9670748211129737
2,prophetd1,mix-16,0.9838101581375226
2,prophetd1,mix-14,0.9993919788777983
2,prophetd1,ligra-6,0.962391150456254
2,prophetd1,ml-11,0.9916978081626219
2,prophetd1,spec17-10,0.7103409135060702
2,prophetd1,gap-4,0.9999949458404023
2,prophetd1,ligra-13,0.9819049946592894
2,prophetd1,spec17-16,0.7140761004236039
2,prophetd1,ligra-16,1.0056173205378396
2,prophetd1,gap-10,0.9757868804103519
2,prophetd1,gap-20,0.9462050534246469
2,prophetd1,ligra-12,0.991849070914993
2,prophetd1,mix-5,0.913818330648422
2,prophetd1,mix-6,0.9744329108230505
2,prophetd1,mix-18,0.9658809278169255
2,prophetd1,ml-10,0.9985989897365413
2,prophetd1,gap-13,0.9722032993593509
2,prophetd1,ligra-24,0.9888842016959803
2,prophetd1,ml-8,0.9813102699492284
2,prophetd1,google-18,0.9534162530532921
2,prophetd1,spec17-2,0.9129797290403456
2,prophetd1,ligra-17,0.9715209843722596
2,prophetd1,google-16,0.9489716106622886
2,prophetd1,mix-11,0.9491075371461838
2,prophetd1,spec17-8,0.7368653546627937
2,prophetd1,google-2,0.9705367771379753
2,prophetd1,ligra-19,0.9460320129202362
2,prophetd1,ligra-3,0.9685281460440167
2,prophetd1,gap-15,0.9359260915200085
2,prophetd1,mix-7,0.9651992257878592
2,prophetd1,ml-2,0.997020154579426
2,prophetd1,ml-5,0.9774408873443575
2,prophetd1,ligra-8,0.9951172805199674
2,prophetd1,spec17-11,1.0006763612541951
2,prophetd1,spec17-19,0.6982737205474007
2,prophetd1,spec17-9,0.9295256294797577
2,prophetd1,google-14,0.9858636765433131
2,prophetd1,spec17-15,0.9490125824414142
2,prophetd1,ligra-2,0.9888842016959803
2,prophetd1,mix-19,0.987956487361627
2,prophetd1,google-15,0.961982123258953
2,prophetd1,ml-21,0.9930229385047475
2,prophetd1,gap-0,0.9116067213207971
2,prophetd1,gap-11,0.9443443812387486
2,prophetd1,ligra-5,0.9976478627687086
2,prophetd1,gap-14,0.9471892284433613
2,prophetd1,spec17-13,0.895261064833528
2,prophetd1,mix-8,0.9752810429353939
2,prophetd1,mix-0,0.9496809996275477
2,prophetd1,ligra-7,0.9795606102473423
2,prophetd1,gap-1,0.9261959960569462
2,prophetd1,gap-17,0.9240416142046203
2,prophetd1,gap-2,0.9723139788357041
2,prophetd1,ml-7,0.995835238566163
2,prophetd1,ml-19,0.9865515621892792
2,prophetd1,spec17-21,0.9381777586976711
2,prophetd1,mix-2,0.9285955491645893
2,prophetd1,ml-14,0.9924281878655877
2,prophetd1,gap-19,0.9261959960569462
2,prophetd1,ml-0,0.9963899467414996
2,prophetd1,google-13,0.9601664069044626
2,prophetd1,ligra-1,0.9460320129202362
2,prophetd1,gap-22,0.966019827326341
2,prophetd1,ml-9,0.9884601433721782
2,prophetd1,spec17-6,0.8795670744728706
2,prophetd1,ml-12,0.9973826223716219
2,prophetd1,gap-6,0.9686852104570366
2,prophetd1,gap-5,0.9428083856667089
2,prophetd1,ligra-23,0.9797463120285719
2,prophetd1,ml-16,1.0025558619543424
2,prophetd1,spec17-23,0.7187053773167047
2,prophetd1,ligra-10,0.9675660371327207
2,prophetd1,mix-12,0.9992015135998484
2,prophetd1,ml-6,0.9755005053557243
2,prophetd1,google-1,0.9834755412671707
2,prophetd1,mix-1,0.987956487361627
2,prophetd1,gap-18,0.9688532475777544
2,prophetd1,gap-9,0.9085804273701624
2,prophetd1,spec17-18,0.735415097505419
2,prophetd1,mix-10,0.988931263770834
2,prophetd1,mix-24,0.9285955491645893
2,prophetd1,google-4,0.9746946898798937
2,prophetd1,spec17-17,0.7283559535157085
2,prophetd1,spec17-7,0.8666130819224301
2,prophetd1,ml-24,0.997020154579426
2,prophetd1,google-19,0.9834755412671707
4,prophet,ml-1,0.9906240778654563
4,prophet,google-17,0.9684231690046887
4,prophet,google-12,0.9800099503786858
4,prophet,mix-4,0.9177565530972559
4,prophet,google-11,0.9763231179173953
4,prophet,mix-9,0.94028757683037
4,prophet,ml-22,0.9997327391090277
4,prophet,gap-24,0.9675794441625193
4,prophet,google-10,0.972694475160334
4,prophet,spec17-20,0.8623571101785069
4,prophet,ligra-20,0.9941360265799912
4,prophet,spec17-14,0.8046982341478117
4,prophet,google-23,0.9733107929230597
4,prophet,ml-4,0.9971052907593557
4,prophet,ligra-15,0.9703821366716134
4,prophet,gap-16,0.9538497826097153
4,prophet,spec17-3,0.9631744715231852
4,prophet,spec17-5,0.7224907947497781
4,prophet,google-6,0.9726542506320545
4,prophet,ml-3,0.9939374909856091
4,prophet,google-0,0.9635978489427093
4,prophet,spec17-12,0.8223773008521216
4,prophet,ligra-9,1.0001563860354359
4,prophet,ml-15,0.9974853743213049
4,prophet,gap-7,0.9834300764341348
4,prophet,google-8,0.9574866373153694
4,prophet,spec17-22,0.8298382084691379
4,prophet,google-21,0.9833954682357323
4,prophet,ml-18,0.9884048045660074
4,prophet,ligra-18,0.9835316976205024
4,prophet,google-5,0.976758786536875
4,prophet,ml-23,0.9931407926602576
4,prophet,google-22,0.9615462010638507
4,prophet,ml-17,0.9889961462821735
4,prophet,mix-21,0.9844677707667638
4,prophet,ligra-4,0.9899137151395856
4,prophet,google-24,0.9797072459075007
4,prophet,spec17-1,0.8213469847455644
4,prophet,gap-8,0.9376059804187277
4,prophet,mix-13,0.9364931056876714
4,prophet,google-9,0.9800575341950978
4,prophet,spec17-4,0.8340756164168122
4,prophet,mix-15,0.9527831783912314
4,prophet,ligra-21,0.9855405562561443
4,prophet,ml-20,0.9985786981322772
4,prophet,mix-22,0.8782672721531749
4,prophet,ligra-0,0.9653371427280556
4,prophet,mix-17,0.9236412865883443
4,prophet,google-20,0.9799554627172246
4,prophet,gap-12,0.9501866252465766
4,prophet,mix-20,0.9685614535907079
4,prophet,gap-21,0.9976740193550124
4,prophet,google-7,0.9766140958045683
4,prophet,ligra-22,0.9802343550034356
4,prophet,mix-3,0.9576197123654482
4,prophet,mix-23,0.977719704169584
4,prophet,spec17-24,0.7962742613493735
4,prophet,google-3,0.9682914368940533
4,prophet,spec17-0,0.7764505299663956
4,prophet,gap-3,0.9523615106775
4,prophet,ligra-11,0.9772410718511714
4,prophet,ml-13,0.9908744953162564
4,prophet,gap-23,0.9992701602010057
4,prophet,ligra-14,0.9821172967198388
4,prophet,mix-16,1.0052987424363218
4,prophet,mix-14,0.9760277846529187
4,prophet,ligra-6,0.9738237211323184
4,prophet,ml-11,1.0018423087360215
4,prophet,spec17-10,0.8602487071609385
4,prophet,gap-4,0.9279860882869192
4,prophet,ligra-13,0.970261081403986
4,prophet,spec17-16,0.834881020972725
4,prophet,ligra-16,0.9863944116771232
4,prophet,gap-10,0.9532157854406315
4,prophet,gap-20,0.9687156828258264
4,prophet,ligra-12,0.9677422048382339
4,prophet,mix-5,0.9914061361405365
4,prophet,mix-6,0.9434089772306775
4,prophet,mix-18,0.9732216090233904
4,prophet,ml-10,0.9963126051089849
4,prophet,gap-13,0.9718409846905025
4,prophet,ligra-24,0.9756697356330627
4,prophet,ml-8,0.9985737633254742
4,prophet,google-18,0.9763336995404085
4,prophet,spec17-2,0.7962742613493735
4,prophet,ligra-17,0.9879816323933164
4,prophet,google-16,0.9779915191953814
4,prophet,mix-11,0.9709300882278593
4,prophet,spec17-8,0.796520115007786
4,prophet,google-2,0.9797072459075007
4,prophet,ligra-19,1.0032779735629784
4,prophet,ligra-3,0.9911766350347213
4,prophet,gap-15,0.9616260712929633
4,prophet,mix-7,0.9878220833250158
4,prophet,ml-2,0.9966511691748946
4,prophet,ml-5,0.9939662845773105
4,prophet,ligra-8,0.9707669486939694
4,prophet,spec17-11,0.8534877033008272
4,prophet,spec17-19,0.8213469847455644
4,prophet,spec17-9,0.7685010872159681
4,prophet,google-14,0.98218346655444
4,prophet,spec17-15,0.8774380665038669
4,prophet,ligra-2,0.9756697356330627
4,prophet,mix-19,0.9648798215484329
4,prophet,google-15,0.9854080681309804
4,prophet,ml-21,0.9871160416740891
4,prophet,gap-0,0.9597823880920185
4,prophet,gap-11,0.9761320183981333
4,prophet,ligra-5,0.9665833440303868
4,prophet,gap-14,0.9520739225962996
4,prophet,spec17-13,0.8120524752978795
4,prophet,mix-8,0.9656575800926248
4,prophet,mix-0,0.9850213501718309
4,prophet,ligra-7,0.9940974518391327
4,prophet,gap-1,0.9377414204034571
4,prophet,gap-17,0.9665323931860129
4,prophet,gap-2,0.9675794441625193
4,prophet,ml-7,0.9948328342633254
4,prophet,ml-19,0.9906240778654563
4,prophet,spec17-21,0.8174562142725111
4,prophet,mix-2,0.9686597008232687
4,prophet,ml-14,0.9835481801034934
4,prophet,gap-19,0.9377414204034571
4,prophet,ml-0,0.9952141466250206
4,prophet,google-13,0.960834693046649
4,prophet,ligra-1,1.0032779735629784
4,prophet,gap-22,0.9555056941107578
4,prophet,ml-9,0.9850252328889827
4,prophet,spec17-6,0.865399790539719
4,prophet,ml-12,0.9888429570930556
4,prophet,gap-6,0.9485695277678718
4,prophet,gap-5,0.998968976601933
4,prophet,ligra-23,0.9874189400195249
4,prophet,ml-16,0.9926807347899683
4,prophet,spec17-23,0.8948271918977031
4,prophet,ligra-10,0.98407763727638
4,prophet,mix-12,0.960070092150243
4,prophet,ml-6,0.995554442724961
4,prophet,google-1,0.9833780501032129
4,prophet,mix-1,0.9648798215484329
4,prophet,gap-18,0.9293155589500153
4,prophet,gap-9,0.9372421117033342
4,prophet,spec17-18,0.9356417195312303
4,prophet,mix-10,0.9710758126704554
4,prophet,mix-24,0.9686597008232687
4,prophet,google-4,0.9804895128909632
4,prophet,spec17-17,0.8088872240408495
4,prophet,spec17-7,0.8105193638517831
4,prophet,ml-24,0.9966511691748946
4,prophet,google-19,0.9833780501032129
4,triangel,ml-1,1.0082319000660944
4,triangel,google-17,0.9824641059015233
4,triangel,google-12,0.9835420328402109
4,triangel,mix-4,1.0830474760520665
4,triangel,google-11,0.9872670769532513
4,triangel,mix-9,1.0344180026435468
4,triangel,ml-22,1.0018950673414244
4,triangel,gap-24,1.043321363001327
4,triangel,google-10,0.9797032508185439
4,triangel,spec17-20,1.0129116730271468
4,triangel,ligra-20,1.0147299607756204
4,triangel,spec17-14,0.8559158066830771
4,triangel,google-23,0.9832340220414197
4,triangel,ml-4,1.0787466669192223
4,triangel,ligra-15,0.9911245031364181
4,triangel,gap-16,1.0523045309772765
4,triangel,spec17-3,1.0053814998064436
4,triangel,spec17-5,0.9861081658104014
4,triangel,google-6,0.9879557806102713
4,triangel,ml-3,1.0921986704295905
4,triangel,google-0,0.9708798589984008
4,triangel,spec17-12,0.8636720451721022
4,triangel,ligra-9,1.004987667616828
4,triangel,ml-15,1.0021987511177115
4,triangel,gap-7,1.0715486671357697
4,triangel,google-8,0.9668784230108041
4,triangel,spec17-22,1.065781539457294
4,triangel,google-21,0.9930813992166844
4,triangel,ml-18,1.0004441835309794
4,triangel,ligra-18,1.0146717320366103
4,triangel,google-5,0.9899710169103163
4,triangel,ml-23,1.0027139728113863
4,triangel,google-22,0.9741939391366449
4,triangel,ml-17,1.0085644374299707
4,triangel,mix-21,1.0001626833799506
4,triangel,ligra-4,1.0109865034354664
4,triangel,google-24,0.9852935290529939
4,triangel,spec17-1,1.0938179748386747
4,triangel,gap-8,1.1007466482243007
4,triangel,mix-13,1.013899732908406
4,triangel,google-9,0.9825722557257236
4,triangel,spec17-4,0.9087236979791838
4,triangel,mix-15,1.022220977504363
4,triangel,ligra-21,1.0133107445620442
4,triangel,ml-20,1.1009290744832985
4,triangel,mix-22,1.0769157516225016
4,triangel,ligra-0,0.9928233391025668
4,triangel,mix-17,0.9579720465615579
4,triangel,google-20,0.9852279394535691
4,triangel,gap-12,1.0561715328843115
4,triangel,mix-20,0.9865789686734648
4,triangel,gap-21,1.0090601391495395
4,triangel,google-7,0.9869923698181459
4,triangel,ligra-22,1.0078996827846112
4,triangel,mix-3,1.0272454163099738
4,triangel,mix-23,0.9876092081023822
4,triangel,spec17-24,1.067105679586242
4,triangel,google-3,0.980684218473909
4,triangel,spec17-0,0.8916819043697096
4,triangel,gap-3,1.1257656163318317
4,triangel,ligra-11,1.0018031283123043
4,triangel,ml-13,1.01122399586156
4,triangel,gap-23,1.009973647497909
4,triangel,ligra-14,0.9926990845812244
4,triangel,mix-16,1.0215261969351053
4,triangel,mix-14,1.0220945468613614
4,triangel,ligra-6,0.9971287148199479
4,triangel,ml-11,1.0099233437447674
4,triangel,spec17-10,0.9442690049928923
4,triangel,gap-4,1.1654913391008437
4,triangel,ligra-13,0.9849406210513445
4,triangel,spec17-16,0.9003202712905953
4,triangel,ligra-16,1.0120075138371474
4,triangel,gap-10,1.041043566537152
4,triangel,gap-20,1.0419559849212499
4,triangel,ligra-12,1.0001462937974777
4,triangel,mix-5,1.0028332526432036
4,triangel,mix-6,1.046489833283891
4,triangel,mix-18,1.066811627713068
4,triangel,ml-10,1.0061978049006368
4,triangel,gap-13,1.0511895295526394
4,triangel,ligra-24,0.9934259135364072
4,triangel,ml-8,1.0184763908181755
4,triangel,google-18,0.9867383264120024
4,triangel,spec17-2,1.067105679586242
4,triangel,ligra-17,0.9993919395043876
4,triangel,google-16,0.99313260856759
4,triangel,mix-11,0.986720850693721
4,triangel,spec17-8,0.9235425053040233
4,triangel,google-2,0.9852935290529939
4,triangel,ligra-19,1.0162266421106354
4,triangel,ligra-3,1.0011200548086288
4,triangel,gap-15,1.0597008874666727
4,triangel,mix-7,1.0010212172944681
4,triangel,ml-2,0.9998105771231387
4,triangel,ml-5,1.0057046046011446
4,triangel,ligra-8,0.9901493332106597
4,triangel,spec17-11,1.0823436749047213
4,triangel,spec17-19,1.0938179748386747
4,triangel,spec17-9,0.9896240584483217
4,triangel,google-14,0.9941329556521855
4,triangel,spec17-15,0.9871048445400025
4,triangel,ligra-2,0.9934259135364072
4,triangel,mix-19,0.9857875023291651
4,triangel,google-15,0.9972562079370181
4,triangel,ml-21,1.0886419444497688
4,triangel,gap-0,1.0526111675059846
4,triangel,gap-11,1.0445939531033528
4,triangel,ligra-5,0.9929846424905279
4,triangel,gap-14,1.034465535478056
4,triangel,spec17-13,1.105074315164047
4,triangel,mix-8,1.0091330607132505
4,triangel,mix-0,1.0881999095030281
4,triangel,ligra-7,1.0186763380435964
4,triangel,gap-1,1.1066234061027933
4,triangel,gap-17,1.0564746658114208
4,triangel,gap-2,1.043321363001327
4,triangel,ml-7,1.0018929663383165
4,triangel,ml-19,1.0082319000660944
4,triangel,spec17-21,0.9165159461054968
4,triangel,mix-2,1.0436008252768256
4,triangel,ml-14,1.0035016045116154
4,triangel,gap-19,1.1066234061027933
4,triangel,ml-0,1.0736271797103252
4,triangel,google-13,0.9737432418271003
4,triangel,ligra-1,1.0162266421106354
4,triangel,gap-22,1.0232111111687734
4,triangel,ml-9,1.0704281836376959
4,triangel,spec17-6,1.007789591607503
4,triangel,ml-12,1.1441824876469207
4,triangel,gap-6,1.1137443600391401
4,triangel,gap-5,1.0102055973714958
4,triangel,ligra-23,1.0070667166388625
4,triangel,ml-16,1.002291526538343
4,triangel,spec17-23,0.9953077825549722
4,triangel,ligra-10,0.9967895353844581
4,triangel,mix-12,0.9956347462697671
4,triangel,ml-6,1.0004434115327803
4,triangel,google-1,0.9970409841776048
4,triangel,mix-1,0.9857875023291651
4,triangel,gap-18,1.0995854047375473
4,triangel,gap-9,1.1148736178097978
4,triangel,spec17-18,1.0106165681524824
4,triangel,mix-10,1.0662216708008059
4,triangel,mix-24,1.0436008252768256
4,triangel,google-4,0.9917912218212332
4,triangel,spec17-17,0.8737594601351388
4,triangel,spec17-7,0.8946636991523416
4,triangel,ml-24,0.9998105771231387
4,triangel,google-19,0.9970409841776048
4,prophetd1,ml-1,0.9906240778654563
4,prophetd1,google-17,0.9684231690046887
4,prophetd1,google-12,0.9818395445363913
4,prophetd1,mix-4,0.9177565530972559
4,prophetd1,google-11,0.9767739617738754
4,prophetd1,mix-9,0.94028757683037
4,prophetd1,ml-22,0.9997327391090277
4,prophetd1,gap-24,0.9675794441625193
4,prophetd1,google-10,0.972694475160334
4,prophetd1,spec17-20,0.8623571101785069
4,prophetd1,ligra-20,0.9941306283704365
4,prophetd1,spec17-14,0.8046982341478117
4,prophetd1,google-23,0.9733107929230597
4,prophetd1,ml-4,0.9971052907593557
4,prophetd1,ligra-15,0.9703821366716134
4,prophetd1,gap-16,0.9538497826097153
4,prophetd1,spec17-3,0.9631744715231852
4,prophetd1,spec17-5,0.7224907947497781
4,prophetd1,google-6,0.9726542506320545
4,prophetd1,ml-3,0.9939374909856091
4,prophetd1,google-0,0.9635978489427093
4,prophetd1,spec17-12,0.8223773008521216
4,prophetd1,ligra-9,1.0001563860354359
4,prophetd1,ml-15,0.9974853743213049
4,prophetd1,gap-7,0.9834300764341348
4,prophetd1,google-8,0.9574866373153694
4,prophetd1,spec17-22,0.8298382084691379
4,prophetd1,google-21,0.9833954682357323
4,prophetd1,ml-18,0.9884048045660074
4,prophetd1,ligra-18,0.9835316976205024
4,prophetd1,google-5,0.976758786536875
4,prophetd1,ml-23,0.9931407926602576
4,prophetd1,google-22,0.9615462010638507
4,prophetd1,ml-17,0.9889961462821735
4,prophetd1,mix-21,0.9844677707667638
4,prophetd1,ligra-4,0.9899137151395856
4,prophetd1,google-24,0.9797072459075007
4,prophetd1,spec17-1,0.8213469847455644
4,prophetd1,gap-8,0.9376059804187277
4,prophetd1,mix-13,0.9364931056876714
4,prophetd1,google-9,0.9814911366984617
4,prophetd1,spec17-4,0.8340756164168122
4,prophetd1,mix-15,0.9527831783912314
4,prophetd1,ligra-21,0.9855405562561443
4,prophetd1,ml-20,0.9985786981322772
4,prophetd1,mix-22,0.8782672721531749
4,prophetd1,ligra-0,0.9653371427280556
4,prophetd1,mix-17,0.9236412865883443
4,prophetd1,google-20,0.9799554627172246
4,prophetd1,gap-12,0.9501866252465766
4,prophetd1,mix-20,0.9685614535907079
4,prophetd1,gap-21,0.9976740193550124
4,prophetd1,google-7,0.9766140958045683
4,prophetd1,ligra-22,0.9798682949301046
4,prophetd1,mix-3,0.9576197123654482
4,prophetd1,mix-23,0.977719704169584
4,prophetd1,spec17-24,0.7962742613493735
4,prophetd1,google-3,0.9682914368940533
4,prophetd1,spec17-0,0.776427551043253
4,prophetd1,gap-3,0.9523615106775
4,prophetd1,ligra-11,0.9772144043079369
4,prophetd1,ml-13,0.9908744953162564
4,prophetd1,gap-23,0.9992701602010057
4,prophetd1,ligra-14,0.9821172967198388
4,prophetd1,mix-16,1.0052987424363218
4,prophetd1,mix-14,0.9760277846529187
4,prophetd1,ligra-6,0.9738817025364083
4,prophetd1,ml-11,1.0018423087360215
4,prophetd1,spec17-10,0.8495379196773128
4,prophetd1,gap-4,0.9279860882869192
4,prophetd1,ligra-13,0.970261081403986
4,prophetd1,spec17-16,0.834881020972725
4,prophetd1,ligra-16,0.9863944116771232
4,prophetd1,gap-10,0.9532157854406315
4,prophetd1,gap-20,0.9687156828258264
4,prophetd1,ligra-12,0.9677422048382339
4,prophetd1,mix-5,0.9914061361405365
4,prophetd1,mix-6,0.9434089772306775
4,prophetd1,mix-18,0.9732216090233904
4,prophetd1,ml-10,0.9963126051089849
4,prophetd1,gap-13,0.9718409846905025
4,prophetd1,ligra-24,0.9756697356330627
4,prophetd1,ml-8,0.9985737633254742
4,prophetd1,google-18,0.9763336995404085
4,prophetd1,spec17-2,0.7962742613493735
4,prophetd1,ligra-17,0.987507567159617
4,prophetd1,google-16,0.9812926983882124
4,prophetd1,mix-11,0.9709300882278593
4,prophetd1,spec17-8,0.796520115007786
4,prophetd1,google-2,0.9797072459075007
4,prophetd1,ligra-19,1.0030357208603973
4,prophetd1,ligra-3,0.9911766350347213
4,prophetd1,gap-15,0.9616260712929633
4,prophetd1,mix-7,0.9878220833250158
4,prophetd1,ml-2,0.9966511691748946
4,prophetd1,ml-5,0.9939662845773105
4,prophetd1,ligra-8,0.9707669486939694
4,prophetd1,spec17-11,0.8534877033008272
4,prophetd1,spec17-19,0.8213469847455644
4,prophetd1,spec17-9,0.7685010872159681
4,prophetd1,google-14,0.98218346655444
4,prophetd1,spec17-15,0.8774380665038669
4,prophetd1,ligra-2,0.9756697356330627
4,prophetd1,mix-19,0.9648798215484329
4,prophetd1,google-15,0.9854080681309804
4,prophetd1,ml-21,0.9871160416740891
4,prophetd1,gap-0,0.9597823880920185
4,prophetd1,gap-11,0.9761320183981333
4,prophetd1,ligra-5,0.9665833440303868
4,prophetd1,gap-14,0.9520739225962996
4,prophetd1,spec17-13,0.8120524752978795
4,prophetd1,mix-8,0.9656575800926248
4,prophetd1,mix-0,0.9850213501718309
4,prophetd1,ligra-7,0.9940801480597379
4,prophetd1,gap-1,0.9377414204034571
4,prophetd1,gap-17,0.9665323931860129
4,prophetd1,gap-2,0.9675794441625193
4,prophetd1,ml-7,0.9948328342633254
4,prophetd1,ml-19,0.9906240778654563
4,prophetd1,spec17-21,0.8174562142725111
4,prophetd1,mix-2,0.9686597008232687
4,prophetd1,ml-14,0.9835481801034934
4,prophetd1,gap-19,0.9377414204034571
4,prophetd1,ml-0,0.9952141466250206
4,prophetd1,google-13,0.960834693046649
4,prophetd1,ligra-1,1.0030357208603973
4,prophetd1,gap-22,0.9555056941107578
4,prophetd1,ml-9,0.9850252328889827
4,prophetd1,spec17-6,0.865399790539719
4,prophetd1,ml-12,0.9888429570930556
4,prophetd1,gap-6,0.9485695277678718
4,prophetd1,gap-5,0.998968976601933
4,prophetd1,ligra-23,0.9874189400195249
4,prophetd1,ml-16,0.9926807347899683
4,prophetd1,spec17-23,0.8948271918977031
4,prophetd1,ligra-10,0.98407763727638
4,prophetd1,mix-12,0.960070092150243
4,prophetd1,ml-6,0.995554442724961
4,prophetd1,google-1,0.9881941349879243
4,prophetd1,mix-1,0.9648798215484329
4,prophetd1,gap-18,0.9293155589500153
4,prophetd1,gap-9,0.9372421117033342
4,prophetd1,spec17-18,0.9356417195312303
4,prophetd1,mix-10,0.9710758126704554
4,prophetd1,mix-24,0.9686597008232687
4,prophetd1,google-4,0.9804895128909632
4,prophetd1,spec17-17,0.8088872240408495
4,prophetd1,spec17-7,0.8105193638517831
4,prophetd1,ml-24,0.9966511691748946
4,prophetd1,google-19,0.9881941349879243
8,triangel,ml-1,1.0436613624296742
8,triangel,google-17,0.9860805159107168
8,triangel,google-12,0.9844510537171128
8,triangel,mix-4,1.0069577598430783
8,triangel,google-11,0.9857428029365469
8,triangel,mix-9,1.0086719530449721
8,triangel,ml-22,1.019591064067458
8,triangel,gap-24,1.0697905571747641
8,triangel,google-10,0.9850515346901488
8,triangel,spec17-20,1.0534540528055456
8,triangel,ligra-20,0.9924584345890534
8,triangel,spec17-14,0.9825223936784575
8,triangel,google-23,0.9790901687291983
8,triangel,ml-4,1.08843761449811
8,triangel,ligra-15,1.0041239466696523
8,triangel,gap-16,1.0587032731610913
8,triangel,spec17-3,0.9928688486537093
8,triangel,spec17-5,1.0048703631377776
8,triangel,google-6,0.9852190546234424
8,triangel,ml-3,1.0043427121262543
8,triangel,google-0,0.9850706008704374
8,triangel,spec17-12,1.0425426836754068
8,triangel,ligra-9,1.0138042292841676
8,triangel,ml-15,1.0097367716597467
8,triangel,gap-7,1.072146681640792
8,triangel,google-8,0.9912415385720353
8,triangel,spec17-22,0.9868739743034814
8,triangel,google-21,0.9917630175386616
8,triangel,ml-18,1.0012803291217403
8,triangel,ligra-18,1.0032576445159167
8,triangel,google-5,0.9859489251202421
8,triangel,ml-23,1.0096707100213158
8,triangel,google-22,0.9922224382682826
8,triangel,ml-17,1.0058813892100924
8,triangel,mix-21,1.0476779194078887
8,triangel,ligra-4,1.0034013754768023
8,triangel,google-24,0.9891373614575089
8,triangel,spec17-1,0.9819416562608372
8,triangel,gap-8,1.0664099645972454
8,triangel,mix-13,0.9959685645185896
8,triangel,google-9,0.9762696731896452
8,triangel,spec17-4,0.9775976580543044
8,triangel,mix-15,0.9793307808584893
8,triangel,ligra-21,0.9946959431821705
8,triangel,ml-20,1.0131057807770387
8,triangel,mix-22,1.0470047692014914
8,triangel,ligra-0,1.000030180463196
8,triangel,mix-17,1.0227436500927132
8,triangel,google-20,0.9827708264490718
8,triangel,gap-12,1.0103464570697767
8,triangel,mix-20,1.0103654778387887
8,triangel,gap-21,1.0126320512864737
8,triangel,google-7,0.9817975670740384
8,triangel,ligra-22,1.0047596537286296
8,triangel,mix-3,1.0032856166556061
8,triangel,mix-23,0.9483600288493597
8,triangel,spec17-24,1.0312398644459393
8,triangel,google-3,0.9909663454450678
8,triangel,spec17-0,0.9632616337740939
8,triangel,gap-3,1.0335085289639852
8,triangel,ligra-11,1.006414524481145
8,triangel,ml-13,1.0088786928107152
8,triangel,gap-23,1.024130748851222
8,triangel,ligra-14,0.9981889752562184
8,triangel,mix-16,1.0195376280707815
8,triangel,mix-14,1.0121752109286835
8,triangel,ligra-6,1.0045360494746352
8,triangel,ml-11,1.0073696919468509
8,triangel,spec17-10,0.9938985734629262
8,triangel,gap-4,1.1174220023657357
8,triangel,ligra-13,1.0087395866269537
8,triangel,spec17-16,0.9590328663810678
8,triangel,ligra-16,1.00312421448655
8,triangel,gap-10,1.1136038859148276
8,triangel,gap-20,1.1102029301449294
8,triangel,ligra-12,0.9980019512420207
8,triangel,mix-5,1.0800711579760442
8,triangel,mix-6,1.0342739915036268
8,triangel,mix-18,1.0552781401342064
8,triangel,ml-10,1.0141653501677457
8,triangel,gap-13,1.0729612165154974
8,triangel,ligra-24,0.9985121195714144
8,triangel,ml-8,1.004893082372672
8,triangel,google-18,0.9784577034065783
8,triangel,spec17-2,1.0312398644459393
8,triangel,ligra-17,1.0025171027746196
8,triangel,google-16,0.9861915383411979
8,triangel,mix-11,1.032484520793992
8,triangel,spec17-8,0.9945443696136805
8,triangel,google-2,0.9891373614575089
8,triangel,ligra-19,0.9954847250208152
8,triangel,ligra-3,1.0040734212641877
8,triangel,gap-15,1.060308723151016
8,triangel,mix-7,1.019413507533268
8,triangel,ml-2,1.015995745497599
8,triangel,ml-5,1.0431146185695923
8,triangel,ligra-8,1.0024956605935267
8,triangel,spec17-11,0.9419818261046647
8,triangel,spec17-19,0.9819416562608372
8,triangel,spec17-9,1.0395061899995792
8,triangel,google-14,0.9866191822824544
8,triangel,spec17-15,0.9894778444033632
8,triangel,ligra-2,0.9985121195714144
8,triangel,mix-19,1.0137870990926652
8,triangel,google-15,0.9757072265088927
8,triangel,ml-21,1.1124867201513213
8,triangel,gap-0,1.0541851153069048
8,triangel,gap-11,1.0516106589985066
8,triangel,ligra-5,1.0021505988891533
8,triangel,gap-14,1.081361497828744
8,triangel,spec17-13,1.002243807340473
8,triangel,mix-8,0.9519988669420969
8,triangel,mix-0,1.0300398116515581
8,triangel,ligra-7,0.9992491134371845
8,triangel,gap-1,1.0683659526289142
8,triangel,gap-17,1.109349758590529
8,triangel,gap-2,1.0697905571747641
8,triangel,ml-7,1.0079580435189528
8,triangel,ml-19,1.0436613624296742
8,triangel,spec17-21,0.9654586158813325
8,triangel,mix-2,0.9914609457073676
8,triangel,ml-14,1.042326406457624
8,triangel,gap-19,1.0683659526289142
8,triangel,ml-0,1.0645790470883107
8,triangel,google-13,0.9910270105761718
8,triangel,ligra-1,0.9954847250208152
8,triangel,gap-22,1.087394522608649
8,triangel,ml-9,1.0748276505287329
8,triangel,spec17-6,0.9735751247627847
8,triangel,ml-12,1.0490062906334072
8,triangel,gap-6,1.0235047827927195
8,triangel,gap-5,1.0595281023773195
8,triangel,ligra-23,1.0051039034009848
8,triangel,ml-16,1.0489987286079439
8,triangel,spec17-23,1.0267754617515503
8,triangel,ligra-10,1.0027459195503492
8,triangel,mix-12,1.0732822932836115
8,triangel,ml-6,1.0468032579749447
8,triangel,google-1,0.9861233581730963
8,triangel,mix-1,1.0137870990926652
8,triangel,gap-18,1.057919507507446
8,triangel,gap-9,1.0678208628150003
8,triangel,spec17-18,0.9674035549935515
8,triangel,mix-10,0.9514215102309306
8,triangel,mix-24,0.9914609457073676
8,triangel,google-4,0.9811188368551248
8,triangel,spec17-17,0.9521835710933771
8,triangel,spec17-7,1.0046351966022162
8,triangel,ml-24,1.015995745497599
8,triangel,google-19,0.9861233581730963
8,prophet,ml-1,0.9864419815856009
8,prophet,google-17,0.9753700591965071
8,prophet,google-12,0.9762895368833514
8,prophet,mix-4,0.9504976215348859
8,prophet,google-11,0.9768645618748503
8,prophet,mix-9,0.9591123985843993
8,prophet,ml-22,0.9939012667227869
8,prophet,gap-24,0.9810176880397626
8,prophet,google-10,0.9810317287639907
8,prophet,spec17-20,0.9006420156356637
8,prophet,ligra-20,0.9773445527009352
8,prophet,spec17-14,0.8288014673531283
8,prophet,google-23,0.9739140656045988
8,prophet,ml-4,0.9947389472192797
8,prophet,ligra-15,0.993377129360397
8,prophet,gap-16,0.9711319963012305
8,prophet,spec17-3,0.8214195602724993
8,prophet,spec17-5,0.8223610120941767
8,prophet,google-6,0.9783231546236437
8,prophet,ml-3,0.9961040966335988
8,prophet,google-0,0.9792804277227454
8,prophet,spec17-12,0.8704991947481251
8,prophet,ligra-9,0.9907429934216816
8,prophet,ml-15,0.9923269129668099
8,prophet,gap-7,0.9847760134505783
8,prophet,google-8,0.9820014882363581
8,prophet,spec17-22,0.8497712787843088
8,prophet,google-21,0.9835532147475309
8,prophet,ml-18,0.992989211358363
8,prophet,ligra-18,0.986525331037763
8,prophet,google-5,0.9848811239254627
8,prophet,ml-23,0.9822565445771326
8,prophet,google-22,0.9840213014011152
8,prophet,ml-17,0.9932420947107644
8,prophet,mix-21,0.9204111708574578
8,prophet,ligra-4,0.9908274732517558
8,prophet,google-24,0.9816305373662576
8,prophet,spec17-1,0.9631004500718995
8,prophet,gap-8,0.9747669925866138
8,prophet,mix-13,0.9664156011315748
8,prophet,google-9,0.9724881418248164
8,prophet,spec17-4,0.8289712698903198
8,prophet,mix-15,0.9224447294691611
8,prophet,ligra-21,0.9797680060210733
8,prophet,ml-20,0.9892489576216018
8,prophet,mix-22,0.9814710302921522
8,prophet,ligra-0,0.9858890659538188
8,prophet,mix-17,0.9708550766026781
8,prophet,google-20,0.9813154639352798
8,prophet,gap-12,0.9683600031502013
8,prophet,mix-20,0.9257563354219137
8,prophet,gap-21,0.9684257347457611
8,prophet,google-7,0.9742042801468838
8,prophet,ligra-22,0.9841178971935749
8,prophet,mix-3,0.9625073636353477
8,prophet,mix-23,0.9143164588128714
8,prophet,spec17-24,0.9959137758590533
8,prophet,google-3,0.9838784268227724
8,prophet,spec17-0,0.8616875405863575
8,prophet,gap-3,0.9849354903489247
8,prophet,ligra-11,0.9902863863041316
8,prophet,ml-13,0.9949836393888772
8,prophet,gap-23,0.9768978778156935
8,prophet,ligra-14,0.974569782496905
8,prophet,mix-16,0.9606211650977782
8,prophet,mix-14,0.9551364553971188
8,prophet,ligra-6,0.9844629021485236
8,prophet,ml-11,0.9888643650390272
8,prophet,spec17-10,0.804355108629027
8,prophet,gap-4,0.9515552410631717
8,prophet,ligra-13,0.9857462371476636
8,prophet,spec17-16,0.852985507109651
8,prophet,ligra-16,0.9879497955805568
8,prophet,gap-10,0.9562193819446502
8,prophet,gap-20,0.977252864416832
8,prophet,ligra-12,0.9811460175385525
8,prophet,mix-5,0.9488099073259424
8,prophet,mix-6,0.9779170849518749
8,prophet,mix-18,0.9283121901250041
8,prophet,ml-10,0.9958434242715191
8,prophet,gap-13,0.9882278259054704
8,prophet,ligra-24,0.9805135690311972
8,prophet,ml-8,0.9903920331231402
8,prophet,google-18,0.9722308097921052
8,prophet,spec17-2,0.9959137758590533
8,prophet,ligra-17,0.9854028281956997
8,prophet,google-16,0.9810498764702381
8,prophet,mix-11,0.9766018641143326
8,prophet,spec17-8,0.8294337015741126
8,prophet,google-2,0.9816305373662576
8,prophet,ligra-19,0.9816371996795743
8,prophet,ligra-3,0.9892365546671789
8,prophet,gap-15,0.9759572860491409
8,prophet,mix-7,0.9765174802530078
8,prophet,ml-2,0.9933509114026102
8,prophet,ml-5,0.9903060757716873
8,prophet,ligra-8,0.988351599409059
8,prophet,spec17-11,0.8836069427212984
8,prophet,spec17-19,0.9631004500718995
8,prophet,spec17-9,0.8824578878701341
8,prophet,google-14,0.9820138833943499
8,prophet,spec17-15,0.8576308777467289
8,prophet,ligra-2,0.9805135690311972
8,prophet,mix-19,0.9629215729419235
8,prophet,google-15,0.9662271531165492
8,prophet,ml-21,0.9926518000268975
8,prophet,gap-0,0.977354499564215
8,prophet,gap-11,0.973663603566163
8,prophet,ligra-5,0.986028020905025
8,prophet,gap-14,0.9609589027757847
8,prophet,spec17-13,0.825163473242388
8,prophet,mix-8,0.9062209125728717
8,prophet,mix-0,0.8538844191750654
8,prophet,ligra-7,0.9858115656756479
8,prophet,gap-1,0.9826768915190432
8,prophet,gap-17,0.9549138020037023
8,prophet,gap-2,0.9810176880397626
8,prophet,ml-7,0.991346127136047
8,prophet,ml-19,0.9864419815856009
8,prophet,spec17-21,0.8405907093667104
8,prophet,mix-2,0.9731045002517783
8,prophet,ml-14,0.9960943409024721
8,prophet,gap-19,0.9826768915190432
8,prophet,ml-0,0.9959121390695792
8,prophet,google-13,0.9827240653824846
8,prophet,ligra-1,0.9816371996795743
8,prophet,gap-22,0.9696004819614448
8,prophet,ml-9,0.9929112410372994
8,prophet,spec17-6,0.8786953987177314
8,prophet,ml-12,0.9852013564273232
8,prophet,gap-6,0.9723120399142329
8,prophet,gap-5,0.9824786653825189
8,prophet,ligra-23,0.9827227030249456
8,prophet,ml-16,0.9929809510809208
8,prophet,spec17-23,0.8884809525128192
8,prophet,ligra-10,0.9793792939214052
8,prophet,mix-12,0.9432486651628665
8,prophet,ml-6,0.9926200158444639
8,prophet,google-1,0.9789143858478538
8,prophet,mix-1,0.9629215729419235
8,prophet,gap-18,0.9699586727078783
8,prophet,gap-9,0.9901484489342391
8,prophet,spec17-18,0.8697143048438983
8,prophet,mix-10,0.8665045149613844
8,prophet,mix-24,0.9731045002517783
8,prophet,google-4,0.9727124974271171
8,prophet,spec17-17,0.8740344339829336
8,prophet,spec17-7,0.9083899044097421
8,prophet,ml-24,0.9933509114026102
8,prophet,google-19,0.9789143858478538
8,prophetd1,ml-1,0.9864419815856009
8,prophetd1,google-17,0.9753700591965071
8,prophetd1,google-12,0.9762895368833514
8,prophetd1,mix-4,0.9504976215348859
8,prophetd1,google-11,0.9768645618748503
8,prophetd1,mix-9,0.9591123985843993
8,prophetd1,ml-22,0.9939012667227869
8,prophetd1,gap-24,0.9810176880397626
8,prophetd1,google-10,0.9810317287639907
8,prophetd1,spec17-20,0.9006420156356637
8,prophetd1,ligra-20,0.9773445527009352
8,prophetd1,spec17-14,0.8288014673531283
8,prophetd1,google-23,0.9758343858680452
8,prophetd1,ml-4,0.9947389472192797
8,prophetd1,ligra-15,0.9932339992664231
8,prophetd1,gap-16,0.9711319963012305
8,prophetd1,spec17-3,0.8214195602724993
8,prophetd1,spec17-5,0.8223610120941767
8,prophetd1,google-6,0.9783231546236437
8,prophetd1,ml-3,0.9961040966335988
8,prophetd1,google-0,0.9796385884844292
8,prophetd1,spec17-12,0.8704991947481251
8,prophetd1,ligra-9,0.9909094265912411
8,prophetd1,ml-15,0.9923269129668099
8,prophetd1,gap-7,0.9847760134505783
8,prophetd1,google-8,0.9820014882363581
8,prophetd1,spec17-22,0.8497712787843088
8,prophetd1,google-21,0.9835532147475309
8,prophetd1,ml-18,0.992989211358363
8,prophetd1,ligra-18,0.986525331037763
8,prophetd1,google-5,0.9844315235992139
8,prophetd1,ml-23,0.9822565445771326
8,prophetd1,google-22,0.9862520556673535
8,prophetd1,ml-17,0.9932420947107644
8,prophetd1,mix-21,0.9204111708574578
8,prophetd1,ligra-4,0.9908274732517558
8,prophetd1,google-24,0.9816305373662576
8,prophetd1,spec17-1,0.9317776504122594
8,prophetd1,gap-8,0.9747669925866138
8,prophetd1,mix-13,0.9663552562491394
8,prophetd1,google-9,0.9731384571701583
8,prophetd1,spec17-4,0.8289712698903198
8,prophetd1,mix-15,0.9224447294691611
8,prophetd1,ligra-21,0.9797680060210733
8,prophetd1,ml-20,0.9892489576216018
8,prophetd1,mix-22,0.9814710302921522
8,prophetd1,ligra-0,0.9858890659538188
8,prophetd1,mix-17,0.9708550766026781
8,prophetd1,google-20,0.9819736420149043
8,prophetd1,gap-12,0.9683600031502013
8,prophetd1,mix-20,0.9257563354219137
8,prophetd1,gap-21,0.9684257347457611
8,prophetd1,google-7,0.9742042801468838
8,prophetd1,ligra-22,0.9835318543213168
8,prophetd1,mix-3,0.9625073636353477
8,prophetd1,mix-23,0.9143164588128714
8,prophetd1,spec17-24,0.9615287847760382
8,prophetd1,google-3,0.9838784268227724
8,prophetd1,spec17-0,0.8616981588516212
8,prophetd1,gap-3,0.9849354903489247
8,prophetd1,ligra-11,0.9903801302254457
8,prophetd1,ml-13,0.9949836393888772
8,prophetd1,gap-23,0.9768978778156935
8,prophetd1,ligra-14,0.974569782496905
8,prophetd1,mix-16,0.9606211650977782
8,prophetd1,mix-14,0.9551364553971188
8,prophetd1,ligra-6,0.9844629021485236
8,prophetd1,ml-11,0.9888643650390272
8,prophetd1,spec17-10,0.804355108629027
8,prophetd1,gap-4,0.9515552410631717
8,prophetd1,ligra-13,0.9857462371476636
8,prophetd1,spec17-16,0.852985507109651
8,prophetd1,ligra-16,0.9874683171002441
8,prophetd1,gap-10,0.9562193819446502
8,prophetd1,gap-20,0.977252864416832
8,prophetd1,ligra-12,0.9811460175385525
8,prophetd1,mix-5,0.9488099073259424
8,prophetd1,mix-6,0.9779170849518749
8,prophetd1,mix-18,0.9283121901250041
8,prophetd1,ml-10,0.9958434242715191
8,prophetd1,gap-13,0.9882278259054704
8,prophetd1,ligra-24,0.9803472479300036
8,prophetd1,ml-8,0.9903920331231402
8,prophetd1,google-18,0.9722308097921052
8,prophetd1,spec17-2,0.9615287847760382
8,prophetd1,ligra-17,0.9854028281956997
8,prophetd1,google-16,0.9810498764702381
8,prophetd1,mix-11,0.9766018641143326
8,prophetd1,spec17-8,0.8294337015741126
8,prophetd1,google-2,0.9816305373662576
8,prophetd1,ligra-19,0.9816371996795743
8,prophetd1,ligra-3,0.9892692730726835
8,prophetd1,gap-15,0.9759572860491409
8,prophetd1,mix-7,0.9765174802530078
8,prophetd1,ml-2,0.9933509114026102
8,prophetd1,ml-5,0.9903060757716873
8,prophetd1,ligra-8,0.988351599409059
8,prophetd1,spec17-11,0.8835886236138432
8,prophetd1,spec17-19,0.9317776504122594
8,prophetd1,spec17-9,0.8824578878701341
8,prophetd1,google-14,0.9829059614268352
8,prophetd1,spec17-15,0.8576308777467289
8,prophetd1,ligra-2,0.9803472479300036
8,prophetd1,mix-19,0.9629215729419235
8,prophetd1,google-15,0.9662271531165492
8,prophetd1,ml-21,0.9926518000268975
8,prophetd1,gap-0,0.977354499564215
8,prophetd1,gap-11,0.973663603566163
8,prophetd1,ligra-5,0.9858990151070665
8,prophetd1,gap-14,0.9609589027757847
8,prophetd1,spec17-13,0.825163473242388
8,prophetd1,mix-8,0.9062209125728717
8,prophetd1,mix-0,0.8538844191750654
8,prophetd1,ligra-7,0.9858115656756479
8,prophetd1,gap-1,0.9826768915190432
8,prophetd1,gap-17,0.9549138020037023
8,prophetd1,gap-2,0.9810176880397626
8,prophetd1,ml-7,0.991346127136047
8,prophetd1,ml-19,0.9864419815856009
8,prophetd1,spec17-21,0.8405907093667104
8,prophetd1,mix-2,0.9731045002517783
8,prophetd1,ml-14,0.9960943409024721
8,prophetd1,gap-19,0.9826768915190432
8,prophetd1,ml-0,0.9959121390695792
8,prophetd1,google-13,0.9827240653824846
8,prophetd1,ligra-1,0.9816371996795743
8,prophetd1,gap-22,0.9696004819614448
8,prophetd1,ml-9,0.9929112410372994
8,prophetd1,spec17-6,0.8770094942303702
8,prophetd1,ml-12,0.9852013564273232
8,prophetd1,gap-6,0.9723120399142329
8,prophetd1,gap-5,0.9824786653825189
8,prophetd1,ligra-23,0.9827227030249456
8,prophetd1,ml-16,0.9929809510809208
8,prophetd1,spec17-23,0.8884809525128192
8,prophetd1,ligra-10,0.9793792939214052
8,prophetd1,mix-12,0.9432486651628665
8,prophetd1,ml-6,0.9926200158444639
8,prophetd1,google-1,0.9789143858478538
8,prophetd1,mix-1,0.9629215729419235
8,prophetd1,gap-18,0.9699586727078783
8,prophetd1,gap-9,0.9901484489342391
8,prophetd1,spec17-18,0.8678283334743958
8,prophetd1,mix-10,0.8665045149613844
8,prophetd1,mix-24,0.9731045002517783
8,prophetd1,google-4,0.9731214883810954
8,prophetd1,spec17-17,0.8740344339829336
8,prophetd1,spec17-7,0.9083899044097421
8,prophetd1,ml-24,0.9933509114026102
8,prophetd1,google-19,0.9789143858478538
