Trace,Prefetcher,IPC,IPCI,L2C_Coverage,L2C_Accuracy,L2C_Overprediction,L2C_Timeliness,DRAM_Traffic,L1D_average_miss_latency,L2C_average_miss_latency,LLC_average_miss_latency,L1-MPKI,L2-MPKI,MPKI
bark.cpp-1,baseline,2.722,1.017570093457944,0.13795552167098132,0.24550062734815004,0,0.30775318301316273,1.0006445076348374,31.2,48.86,82.44,15.176215,5.35949,0.860225
bark.cpp-1,triangel,2.759,1.0314018691588784,0.5512953209531323,0.19709988746953352,0,0.6499900909640022,1.618147272572591,21.76,53.63,71.48,14.222375,2.78968,0.481575
bark.cpp-1,prophet,2.677,1.0007476635514019,0.15145198349413763,0.23804520027837586,0,0.31107912289863887,1.3239398493914558,34.87,58,84.55,15.353905,5.27558,1.10133
bark.cpp-1,kairos,2.578,0.9637383177570094,2.4126674692807116e-06,0.0,0,0,1.591186229192071,45.35,69.63,88.92,16.29641,6.21717,2.8391
bark.cpp-1,ptp,2.721,1.0171962616822432,0.13792817810632949,0.20814607824448067,0,0.29133752572099497,0.9998685204424932,31.16,48.75,82.33,15.434265,5.35966,0.86157
bark.cpp-2,baseline,2.501,1.0334710743801652,0.10295710216569161,0.07868412559087008,0,0.1747459127338102,1.0000905142963925,17.34,74.61,83.62,72.65558,6.63082,1.885925
bark.cpp-2,triangel,2.398,0.990909090909091,0.44271371298041834,0.051354357173620226,0,0.8694866362646175,1.1403886469767253,15.76,96.14,85.5,73.34044,4.119385,2.906975
bark.cpp-2,prophet,2.397,0.990495867768595,0.15115400511237692,0.07107974469631656,0,0.23622212984617272,1.2778740235648618,18.41,89.31,85.21,72.857065,6.274555,2.23669
bark.cpp-2,kairos,2.375,0.981404958677686,5.546638094716286e-05,0.07329462989840348,0,0.20297029702970298,1.1392139076676315,20.58,94.84,87.47,73.75237,7.391455,5.39166
bark.cpp-2,ptp,2.501,1.0334710743801652,0.10269735716223172,0.07635512229575481,0,0.17485595565633894,1.0000895410243882,17.34,74.6,83.66,72.647715,6.63274,1.89967
bark.cpp-4,baseline,2.182,1.0380589914367269,0.09762308941812638,0.06390504960258313,0,0.18221729721403,0.999986444159506,17.72,88.15,85.22,83.58166,6.78023,2.316595
bark.cpp-4,triangel,2.195,1.044243577545195,0.4599424122058973,0.05808259668761309,0,0.6898376827852728,1.0869862336452771,14.96,97.5,86.78,82.439185,4.057855,2.287635
bark.cpp-4,prophet,2.124,1.0104662226451,0.140085935841581,0.05335336848519043,0,0.24407125626275747,1.1728186260437998,18.38,98.88,87.9,84.301695,6.461175,2.78417
bark.cpp-4,kairos,2.071,0.9852521408182685,1.6636178097606454e-05,0.014987153868113046,0,0.09523809523809523,1.0832527956927513,20.42,105.4,89.39,85.654275,7.51362,6.018475
bark.cpp-4,ptp,2.178,1.0361560418648905,0.09282455020765278,0.05178433231822575,0,0.16947667388157742,0.999990431171416,17.76,87.27,84.92,84.045025,6.816285,2.29721
bark.cpp-5,baseline,0.5859,1.0073933975240714,0.01218769319174601,0.21898243764759662,0,0.22087481974867815,1.000109494211158,66.2,113.2,84.64,77.41033,26.180765,24.79138
bark.cpp-5,triangel,0.579,0.9955295735900962,0.00018223812183806954,0.00036201495580632435,0,0.9647388807265928,1.050824094537798,68.34,116.1,85.85,77.342245,26.498955,26.177905
bark.cpp-5,prophet,0.5953,1.0235557083906466,0.019285170023828672,0.038787660458700794,0,0.3165952595594135,1.0073277849179343,66.02,113.7,84.64,77.334475,25.992655,24.693875
bark.cpp-5,kairos,0.5841,1.0042984869325997,0.003917553662618377,0.028007389741088046,0,0.8439641964357714,1.0038367267680037,67.48,114.8,84.66,77.36359,26.399955,26.061765
bark.cpp-5,ptp,0.5872,1.0096286107290235,0.012215802384451881,0.027859730495666226,0,0.21857696426701262,1.0001149866392258,66.18,113.2,84.62,77.35121,26.18002,24.774275
biogpt.cpp-1,baseline,0.3123,1.0012824623276693,0.0018944786927848267,0.23760332060315922,0,0.19442945701920863,0.9999946882547479,117.5,113.8,87,154.47617,136.42246,134.91383
biogpt.cpp-1,triangel,0.3129,1.0032061558191727,0.0026781990819526283,0.04586288679256661,0,0.7110434597918542,1.000748776629699,117.6,114,86.97,154.18079,136.31534,135.786385
biogpt.cpp-1,prophet,0.314,1.006732927220263,0.004778484856022839,0.07934652454518025,0,0.7621971635615717,1.0017626739497871,117.5,114.1,86.99,154.1843,136.02827,135.58305
biogpt.cpp-1,kairos,0.3131,1.0038473869830074,0.002841425387799657,0.21558913748664726,0,0.8638770825283542,1.0009918966454965,117.7,114.1,87.02,154.215835,136.29303,135.85975
biogpt.cpp-1,ptp,0.3124,1.0016030779095864,0.0019495337331926655,0.009241257945463674,0,0.1955535390199637,1.0000661814746281,117.5,113.8,87,154.61077,136.414935,134.910015
biogpt.cpp-2,baseline,0.2776,1.0018044027426922,0.002496302663472651,0.2620700368980903,0,0.24169645914411214,1.000034848301725,117.3,113.6,86.72,149.273285,132.368995,130.9351
biogpt.cpp-2,triangel,0.2784,1.0046914471309996,0.0035760669789217815,0.042576367855412155,0,0.8333063835138971,1.0044162470165756,117.6,114,86.82,149.151905,132.22571,131.76857
biogpt.cpp-2,prophet,0.2789,1.0064958498736918,0.005649273243672365,0.14482499056023143,0,0.41555219926255305,1.0016358767400801,117.1,113.7,86.68,149.292655,131.950595,130.72444
biogpt.cpp-2,kairos,0.2783,1.0043305665824611,0.0029028203449948157,0.20574581701673195,0,0.8634575676829198,1.0007510473502037,117.5,113.9,86.66,149.24859,132.31505,131.883595
biogpt.cpp-2,ptp,0.2777,1.0021652832912307,0.0025538006690341325,0.010045624983630952,0,0.24046782686170406,0.9998699095177135,117.3,113.6,86.72,149.26508,132.361365,130.91801
biogpt.cpp-3,baseline,0.2826,1.0021276595744681,0.0024323170742877242,0.2505066020953301,0,0.24290041927954165,0.9999440012612328,116.2,112.8,86.19,151.642835,136.140805,134.38378
biogpt.cpp-3,triangel,0.2824,1.0014184397163122,0.0027003192945111755,0.04400632433144818,0,0.6656590027882873,1.0006431927208848,116.3,113,86.12,151.60559,136.10423,135.294775
biogpt.cpp-3,prophet,0.2829,1.0031914893617022,0.005735540611587295,0.14016736323654946,0,0.4109829588538133,1.0016640345938155,116,113,86.19,151.659445,135.690005,134.2133
biogpt.cpp-3,kairos,0.2824,1.0014184397163122,0.002868301547378506,0.2290513325469595,0,0.8475980735649059,1.0008136393324474,116.4,113.1,86.17,151.609965,136.081305,135.432035
biogpt.cpp-3,ptp,0.2826,1.0021276595744681,0.0025316775693316066,0.009499776411275666,0,0.24388338366164838,0.999981477894642,116.2,112.8,86.2,151.572275,136.127245,134.39523
clip-1,baseline,2.797,1.0167211922937114,0.11093860627093759,0.14271120545758392,0,0.2838946333711225,1.0000074574969284,34.76,80.21,86.83,24.125345,3.32136,1.55961
clip-1,triangel,2.832,1.029443838604144,0.34132670200933934,0.0926003653100991,0,0.5153742937282259,1.1503058505927777,28.41,80.9,87.16,23.100235,2.460675,0.92395
clip-1,prophet,2.726,0.9909123954925482,0.15383029895832356,0.10173851656682628,0,0.33679201329164554,1.2387554929125812,37.52,93.32,87.37,23.8881,3.161125,1.74255
clip-1,kairos,2.713,0.9861868411486733,0.00013383996220359468,0.000504708934357556,0,1.0,1.1170845661507942,43.07,94.65,86.34,24.835745,3.735305,2.87076
clip-1,ptp,2.797,1.0167211922937114,0.11076327592045088,0.09137387611350199,0,0.2849718806070896,0.9999813562576789,34.76,80.15,86.86,24.13271,3.322015,1.568365
clip-3,baseline,2.162,1.0169332079021638,0.05783909029850142,0.127548088256017,0,0.3274953542244737,0.9998283470064295,62.14,117.8,90.88,26.663425,5.239305,4.302755
clip-3,triangel,2.27,1.0677328316086547,0.27776484032839743,0.06607030088430316,0,0.7064809181605683,1.0409970068009247,51.89,123.5,93.63,25.466135,4.01631,3.274665
clip-3,prophet,2.168,1.0197554092191912,0.09842481808397674,0.10508379105423414,0,0.3595161300917684,1.0387432360055358,60.76,119.9,91.74,26.32256,5.01361,3.918975
clip-3,kairos,2.119,0.9967074317968017,1.7083427367111164e-05,0.00017972681524083394,0,0.95,1.0177099675097194,67.67,122.7,89.83,27.14693,5.56085,5.261055
clip-3,ptp,2.162,1.0169332079021638,0.05792540656309314,0.07254606099110546,0,0.32944053118078254,0.9999975242356697,62.13,117.8,90.83,26.65725,5.238825,4.307985
llama2.c_110M-1,baseline,0.5135,1.0168316831683168,0.002500820619674892,0.9764160870569515,0,0.04605970439568816,1.0000007065208483,116.2,106.6,81.99,113.82807,34.946885,33.10947
llama2.c_110M-1,triangel,0.5041,0.9982178217821782,0.0002600293995918309,0.2291227012360567,0,0.7986842105263158,1.0025125294407238,118.3,108.4,81.92,113.845915,35.02539,34.790955
llama2.c_110M-1,prophet,0.5033,0.9966336633663365,0.0004919436555395396,0.7487590072057646,0,0.7371685201026519,1.0048930807869851,118.4,108.6,81.91,113.84351,35.017265,34.863245
llama2.c_110M-1,kairos,0.5042,0.9984158415841584,0.00044170745978963595,0.5819663567025389,0,0.555475763016158,1.0025180403033405,118.2,108.4,81.91,113.84569,35.019025,34.77877
llama2.c_110M-1,ptp,0.5135,1.0168316831683168,0.002537641467696128,0.06504377328520744,0,0.04656074648508921,1.0000292499631196,116.2,106.6,81.98,113.82759,34.945595,33.10986
llama2.c_110M-2,baseline,0.4574,1.0153163152053273,0.002754494248056035,0.9766988348134444,0,0.05070906521088057,1.0000009893313335,116.2,106.6,81.96,113.251855,34.940775,33.10678
llama2.c_110M-2,triangel,0.4499,0.9986681465038846,0.0003504837774958876,0.2009540846750149,0,0.9068991097922848,1.0024374297398086,118.2,108.4,81.89,113.30456,35.025005,34.790285
llama2.c_110M-2,prophet,0.4492,0.9971143174250832,0.0005071740004968993,0.7427719821162444,0,0.7128812199036918,1.0052305947605578,118.4,108.6,81.89,113.299145,35.019515,34.865915
llama2.c_110M-2,kairos,0.45,0.9988901220865705,0.0004700706690030349,0.6961406936980947,0,0.46231578947368424,1.00244336572781,118.2,108.4,81.89,113.29948,35.020815,34.76965
llama2.c_110M-2,ptp,0.4574,1.0153163152053273,0.0028044410404516216,0.06511702681817956,0,0.05145023547468811,1.0000252986155298,116.2,106.6,81.96,113.25485,34.939025,33.10444
llama2.c_110M-3,baseline,0.4187,1.0138014527845036,0.002465173044473012,0.976136532938777,0,0.04548062146060083,1.0000043812346913,115.7,106.1,81.47,113.15347,34.94971,33.11001
llama2.c_110M-3,triangel,0.4125,0.9987893462469734,0.00030154629170843315,0.19037525514209452,0,0.8762886597938144,1.0024698857246794,117.8,107.9,81.41,113.17195,35.025515,34.790405
llama2.c_110M-3,prophet,0.4119,0.9973365617433414,0.00046794618576050746,0.7374254049445865,0,0.7606936416184971,1.0048671277515744,117.9,108.1,81.41,113.173345,35.019685,34.865485
llama2.c_110M-3,kairos,0.4125,0.9987893462469734,0.0003863160490557163,0.5759005145797599,0,0.6716306775874907,1.0024854320413261,117.7,107.9,81.41,113.172425,35.022545,34.7858
llama2.c_110M-3,ptp,0.4187,1.0138014527845036,0.0025131236142856162,0.07184509276963168,0,0.046238289859189007,1.000028972681023,115.7,106.1,81.46,113.15054,34.94803,33.10996
llama2.c_15M-1,baseline,0.5285,1.1145086461408686,0.020663154093687974,0.9580292431442289,0,0.05333976399767366,1.0000013903000005,100.1,92.39,82.38,105.44657,33.10113,20.618775
llama2.c_15M-1,triangel,0.5902,1.2446225221425558,0.1609147877330265,0.22713161013472555,0,0.5904365735169489,1.0475950667830605,88.99,94.41,83.1,105.048325,28.36069,23.030405
llama2.c_15M-1,prophet,0.5207,1.098059890341628,0.02185414681000789,0.9500699949962255,0,0.05622019856838965,1.0355748419344757,101.8,94.23,82.37,105.365125,33.060875,20.617215
llama2.c_15M-1,kairos,0.4695,0.9900885702235342,0.00023343516412282003,0.8423553831867592,0,0.1029116140328124,1.0177688063950092,114.6,105.1,81.75,106.567925,33.791645,32.168465
llama2.c_15M-1,ptp,0.5286,1.1147195276254744,0.020640224784157533,0.3339175057452685,0,0.05324704675112083,1.0000628724555771,100.1,92.36,82.39,105.45389,33.101905,20.61469
llama2.c_15M-2,baseline,0.5217,1.1226597805035508,0.02319482067805051,0.9541239320941975,0,0.05811927351380785,1.0000211238919414,98.8,91.88,82.45,103.713,32.363265,19.78063
llama2.c_15M-2,triangel,0.5606,1.2063697008822896,0.17744535075871332,0.2270294823025841,0,0.6555953721145379,1.0394520210204794,90.74,99.06,82.84,103.51796,27.252675,23.729825
llama2.c_15M-2,prophet,0.5129,1.1037228319345815,0.024368619224761745,0.9477518642944847,0,0.061350175735072586,1.035572634029518,100.6,93.85,82.43,103.742905,32.324375,19.85666
llama2.c_15M-2,kairos,0.4598,0.9894555627286421,0.0001444234005146121,0.7318558379947603,0,0.0925890092879257,1.017472611455329,114.1,105.3,81.97,105.07651,33.126965,31.518335
llama2.c_15M-2,ptp,0.5217,1.1226597805035508,0.023248243754102938,0.3378181737432067,0,0.05817847721235937,1.0000753523906571,98.8,91.88,82.45,103.790555,32.361495,19.76893
llama2.c_15M-3,baseline,0.5327,1.1236026154819656,0.025119671420096825,0.9450994648694656,0,0.06309557770278472,1.0000647024131943,98.76,92.04,82.4,103.260515,32.275675,19.78533
llama2.c_15M-3,triangel,0.6073,1.2809533853617379,0.18594090370347102,0.2266272028947239,0,0.6062893639015026,1.0496745262960732,85.13,93.16,83.33,103.215765,26.951315,21.408875
llama2.c_15M-3,prophet,0.5253,1.1079940940729802,0.026326655253279336,0.9433899057920628,0,0.06885445727148809,1.0391278747487838,100.5,93.97,82.35,103.461845,32.235715,19.46349
llama2.c_15M-3,kairos,0.469,0.9892427757856991,0.00025855309339445175,0.8622169950014702,0,0.11690083208293547,1.0203053257837693,114.2,105.4,82.08,104.80738,33.09876,31.47038
llama2.c_15M-3,ptp,0.5328,1.1238135414469521,0.02508931559546348,0.3359466995553457,0,0.06295430265892395,1.000147281043237,98.74,92.02,82.38,103.273725,32.27668,19.778615
llama2.c_42M-1,baseline,0.4885,1.0411338448422847,0.0063102966354533175,0.9669499422713895,0,0.03884688802377441,1.0,111.2,101.9,81.62,109.7642,34.530275,29.068675
llama2.c_42M-1,triangel,0.4633,0.9874254049445865,5.7986354069857875e-05,0.0008505517842785799,0,0.6694736842105263,1.047347051541048,117.9,108,82.52,109.784,34.74754,34.067195
llama2.c_42M-1,prophet,0.4652,0.9914748508098892,5.17992244792775e-06,0.41102756892230574,0,0.07317073170731707,1.0142370337106925,117.5,107.5,81.47,109.7812,34.749375,34.30972
llama2.c_42M-1,kairos,0.4675,0.996376811594203,0.0004060483652236698,0.6677743071708646,0,0.28085191082802546,1.0071351861576954,116.8,106.9,81.47,109.775625,34.735445,34.02391
llama2.c_42M-1,ptp,0.4885,1.0411338448422847,0.006380225588500342,0.17094606363323941,0,0.03922018186196054,1.0000378320688097,111.2,101.9,81.61,109.760175,34.527845,29.065575
llama2.c_42M-2,baseline,0.4618,1.0462165835976438,0.007804035331080134,0.9748759657910959,0,0.04750883796637758,1.0000047899894446,110.8,101.6,81.81,110.627435,34.436825,28.966695
llama2.c_42M-2,triangel,0.4354,0.9864068871771635,0.00038809848596931776,0.0022594583783075444,0,0.9304029304029304,1.0575928009651974,118.3,108.4,82.93,110.71742,34.694215,34.01324
llama2.c_42M-2,prophet,0.4376,0.9913910285455368,0.0006165781440047067,0.6887373515178179,0,0.45565846907271373,1.0143256972192514,117.6,107.7,81.69,110.7092,34.686285,34.22636
llama2.c_42M-2,kairos,0.4397,0.9961486180335296,0.0005193374320413476,0.7451377417807854,0,0.2577946224256293,1.0073074917757332,117,107.1,81.68,110.709205,34.68966,33.961195
llama2.c_42M-2,ptp,0.4618,1.0462165835976438,0.007899547319275255,0.1756886099034692,0,0.04800315464324052,1.0000590765364834,110.8,101.6,81.81,110.6301,34.43351,28.96462
llama2.c_42M-3,baseline,0.4767,1.0406024885396201,0.006811272519993782,0.9674797928877801,0,0.04178946039057898,1.000001594732627,111.2,102.1,81.83,109.58525,34.499205,29.04128
llama2.c_42M-3,triangel,0.4521,0.9869024230517354,0.00030156207716534525,0.0023551045331083246,0,0.7824503311258278,1.0529087343216037,118.1,108.3,82.85,109.639245,34.725325,34.046715
llama2.c_42M-3,prophet,0.4545,0.9921414538310412,0.00047271115103150063,0.4974833646135472,0,0.28131698533824917,1.0142635785684173,117.4,107.7,81.68,109.627435,34.71938,34.24373
llama2.c_42M-3,kairos,0.4566,0.9967256057629339,0.0006324886716298459,0.6965744145538998,0,0.24416537008224048,1.0071288897703412,116.8,107.1,81.67,109.632685,34.71383,33.97335
llama2.c_42M-3,ptp,0.4768,1.040820781488758,0.006886267194076428,0.16722258118885616,0,0.04219191429759134,1.0000410281212253,111.2,102.1,81.82,109.58074,34.4966,29.03793
rwkv-1,baseline,0.1729,1.0,0.0002091362905787459,0.9273129536195127,0,0.3970729436410719,0.9999960089023504,253.3,242.9,151.1,199.085185,326.034935,325.780175
rwkv-1,triangel,0.1794,1.037593984962406,0.20646337852593782,0.274039957659114,0,0.9533228861319951,1.0107458131844789,228.9,273.6,159.9,177.722305,258.77478,255.368705
rwkv-1,prophet,0.173,1.0005783689994217,0.006145893077660845,0.8580874497387385,0,0.9073914775711259,1.0000992823430495,252.3,243.3,151.1,198.709615,324.09894,323.780775
rwkv-1,kairos,0.1742,1.0075187969924813,0.019724327397220513,0.8129868971046622,0,0.4128439071510865,1.0000060018025414,249.5,243.8,151.1,197.89261,319.67097,310.39524
rwkv-1,ptp,0.1729,1.0,0.0002981265420830744,0.01821820200805071,0,0.47394383394383394,0.9999938466367884,253.2,242.8,151.1,199.12498,326.005915,325.76978
rwkv-2,baseline,0.3131,1.0,9.286438467918715e-06,0.0011563018450555529,0,1.0,1.000003255021639,120.2,111.7,84.75,161.4612,107.144495,106.913565
rwkv-2,triangel,0.3134,1.0009581603321622,0.0010841800247495253,0.17658186503112014,0,0.5732562620423892,1.00048394378055,120.1,111.7,84.73,161.413445,107.029325,106.80361
rwkv-2,prophet,0.3133,1.000638773554775,0.0016213001592507534,0.2311367627240924,0,0.6031213191990578,1.0005658236206467,120.2,111.8,84.73,161.413475,106.971775,106.81268
rwkv-2,kairos,0.3132,1.0003193867773874,0.0010084885514079968,0.33494720037685977,0,0.7997421572840567,1.0004900412154507,120.2,111.8,84.75,161.43571,107.037435,106.90353
rwkv-2,ptp,0.3132,1.0003193867773874,0.00010392411290479889,9.897681565919106e-05,0,0.7511627906976744,0.999992206286217,120.2,111.7,84.75,161.452385,107.134355,106.902935
rwkv-3,baseline,0.3042,1.0,7.496458391938459e-06,0.0009231479344564967,0,0.75,0.9999975654173506,119.5,111,83.89,188.89344,106.71626,106.536465
rwkv-3,triangel,0.3044,1.0006574621959237,0.001126998813498048,0.17010265291268228,0,0.6766901761737539,0.9999673857796028,119.3,111,83.87,188.851615,106.59679,106.423055
rwkv-3,prophet,0.3044,1.0006574621959237,0.0013776147881135407,0.24342939673639305,0,0.6663010420302139,1.0000016996143024,119.4,111,83.87,188.87406,106.570045,106.43933
rwkv-3,kairos,0.3043,1.0003287310979618,0.0009107728417555731,0.37349760621380024,0,0.8231893151667264,1.0000925141406762,119.4,111.1,83.89,188.879865,106.619865,106.509255
rwkv-3,ptp,0.3042,1.0,7.337158651109766e-05,6.210882530916886e-05,0,0.6841698841698842,1.000016398981242,119.4,111,83.87,188.898175,106.70923,106.52831
stable_diffusion.cpp_v1_4-1,baseline,2.323,1.027421494913755,0.03180937789025625,0.2091940421796021,0,0.05130680773976739,0.9998118253092019,14.98,87.61,95.85,296.243445,11.94952,2.814705
stable_diffusion.cpp_v1_4-1,triangel,2.351,1.0398053958425475,0.28156154759536756,0.15568001546887586,0,0.43613034180289245,1.1191910252433408,13.61,79.53,97.82,292.094415,8.86705,3.38433
stable_diffusion.cpp_v1_4-1,prophet,2.255,0.9973463069438301,0.08028648250320143,0.164250900555058,0,0.13003348702090392,1.1408173936139194,15.09,94.62,94.66,295.513335,11.35121,4.062955
stable_diffusion.cpp_v1_4-1,kairos,2.221,0.9823087129588678,2.2281432315287937e-05,0.0027675276752767526,0,0.6190476190476191,1.0769585481538544,15.84,106,89.52,296.141695,12.34184,10.910005
stable_diffusion.cpp_v1_4-1,ptp,2.323,1.027421494913755,0.031881488707567546,0.20875735827976802,0,0.051348223972612184,0.9998230961891195,14.98,87.63,95.78,296.243145,11.94863,2.8143
stable_diffusion.cpp_v1_4-2,baseline,2.436,1.0032948929159802,0.03576720654736547,0.029709054956942735,0,0.10758479896372851,0.9999985996721833,15.46,105.2,93.78,158.344355,7.288115,4.664335
stable_diffusion.cpp_v1_4-2,triangel,2.353,0.9691103789126855,0.0005378079661730035,7.282449420869309e-05,0,0.4464579901153213,1.115991953716365,16.4,116.2,94.1,159.656705,7.554395,7.129115
stable_diffusion.cpp_v1_4-2,prophet,2.408,0.9917627677100495,0.04389849255006972,0.021882586324082992,0,0.1346747843734145,1.0458068233773525,15.68,109.2,94.04,158.99843,7.226655,4.92046
stable_diffusion.cpp_v1_4-2,kairos,2.418,0.9958813838550248,0.0,0.0,0,0,1.022863152263945,16.09,113.7,91.45,157.439255,7.55846,7.1376
stable_diffusion.cpp_v1_4-2,ptp,2.436,1.0032948929159802,0.03576720654736547,0.029709054956942735,0,0.10758479896372851,0.9999985996721833,15.46,105.2,93.78,158.344355,7.288115,4.664335
stable_diffusion.cpp_v1_5-2,baseline,2.081,1.0236104279390064,0.02852770476870577,0.06198111935266352,0,0.049337452947192065,0.9999671647394986,14.22,102.2,84.17,187.20146,6.516335,2.992295
stable_diffusion.cpp_v1_5-2,triangel,2.111,1.0383669454008855,0.2937538854657863,0.049339063969521625,0,0.500988177210589,1.0234258169377122,12.6,92.08,86.05,186.28168,4.73728,2.740715
stable_diffusion.cpp_v1_5-2,prophet,2.07,1.0181997048696507,0.09154194663140366,0.049594189666427646,0,0.16989224593281216,1.011371707283646,13.92,102.3,84.92,186.977765,6.093655,3.13885
stable_diffusion.cpp_v1_5-2,kairos,2.027,0.9970486965076243,0.0,0.0,0,0,1.007663464277021,14.73,116.4,86.2,185.726305,6.70769,6.66662
stable_diffusion.cpp_v1_5-2,ptp,2.081,1.0236104279390064,0.028693931890114183,0.06187357672158043,0,0.049616650495595764,0.9999992861899891,14.22,102.2,84.09,187.212145,6.51522,2.99
stable_diffusion.cpp_v2_1-1,baseline,1.576,1.0287206266318538,0.075540078534774,0.04381136962915175,0,0.13499754199463693,1.0004783937250858,15.62,104.3,105.7,170.774905,10.26579,3.583585
stable_diffusion.cpp_v2_1-1,triangel,1.559,1.0176240208877283,0.4194338670293981,0.04530225563929394,0,0.6702483129135819,1.063791537164646,13.26,103.1,100.2,170.786495,6.446975,3.394705
stable_diffusion.cpp_v2_1-1,prophet,1.561,1.018929503916449,0.09066709531650523,0.04631378896491936,0,0.1514893310070285,1.1000019135749004,16.01,112.5,106,170.779075,10.09781,3.87146
stable_diffusion.cpp_v2_1-1,kairos,1.532,1.0,0.0020797621893920873,0.11763821663710429,0,0.9994888832098134,1.0524923809504625,16.83,118.4,98.33,170.75858,11.08154,9.806875
stable_diffusion.cpp_v2_1-1,ptp,1.576,1.0287206266318538,0.07454544881484174,0.04224115754581661,0,0.13466191238419625,1.0004592579760823,15.62,104.2,105.7,170.774765,10.276835,3.650415
stable_diffusion.cpp_v2_1-2,baseline,2.547,1.0171725239616614,0.07885841790004403,0.04181166628167375,0,0.12873870142627908,0.9999634752753703,14.43,90.94,100.5,165.0424,7.228525,2.204905
stable_diffusion.cpp_v2_1-2,triangel,2.561,1.0227635782747604,0.32392570490311706,0.03471797392268781,0,0.5501462703981349,1.142834780780839,13.18,92.14,100.2,163.62397,5.305395,2.814775
stable_diffusion.cpp_v2_1-2,prophet,2.492,0.9952076677316294,0.12717087477245517,0.04014730571197056,0,0.19648207904539738,1.1183982491985058,14.59,98.55,99.91,165.02976,6.8494,2.476635
stable_diffusion.cpp_v2_1-2,kairos,2.477,0.9892172523961661,1.274314721329671e-05,0.0007481110196753198,0,1.0,1.0597283604051113,15.74,108.2,91.35,163.982295,7.847255,6.96652
stable_diffusion.cpp_v2_1-2,ptp,2.547,1.0171725239616614,0.07885841790004403,0.04181166628167375,0,0.12873870142627908,0.9999634752753703,14.43,90.94,100.5,165.0424,7.228525,2.204905
stable_diffusion.cpp_v2_1-3,baseline,2.435,1.0028830313014827,0.03603813974164254,0.030101674469880324,0,0.10752363471292951,1.0,15.46,105.2,93.84,158.39518,7.286125,4.64641
stable_diffusion.cpp_v2_1-3,triangel,2.355,0.9699341021416804,-5.953546461476585e-06,7.947704106976097e-07,0,0.1,1.1242920533602094,16.42,116.5,94.35,159.934455,7.558565,7.14045
stable_diffusion.cpp_v2_1-3,prophet,2.407,0.991350906095552,0.04317644194895297,0.022085457218911368,0,0.13221971931416718,1.045790114643262,15.69,109.3,94.21,158.96029,7.23217,4.91827
stable_diffusion.cpp_v2_1-3,kairos,2.418,0.9958813838550248,0.0,0.0,0,0,1.0228978569128908,16.09,113.7,91.44,157.5317,7.55852,7.140445
stable_diffusion.cpp_v2_1-3,ptp,2.435,1.0028830313014827,0.03603813974164254,0.030101674469880324,0,0.10752363471292951,1.0,15.46,105.2,93.84,158.39518,7.286125,4.64641
vit.cpp_base-1,baseline,2.548,1.0572614107883818,0.0915436288382739,0.04655967941749046,0,0.19017688663236632,0.9999295846855338,16.46,85.56,81.13,111.57751,4.1714,1.860635
vit.cpp_base-1,triangel,2.508,1.0406639004149376,0.3426616678408753,0.028048934128192964,0,0.6203079684716832,1.0758409997492226,15.27,98.41,84.56,110.175315,3.01833,1.94698
vit.cpp_base-1,prophet,2.441,1.012863070539419,0.12249918059474121,0.02901473300821347,0,0.2329889112903226,1.1416854955570408,17.14,96.64,84.15,111.310145,4.02926,1.96371
vit.cpp_base-1,kairos,2.381,0.9879668049792529,0.0002711387500830294,0.005425014977035213,0,0.598159509202454,1.0732294563320044,19.08,105.4,85.4,111.96482,4.5905,3.837625
vit.cpp_base-1,ptp,2.545,1.0560165975103732,0.09021624676457425,0.027818490705071,0,0.186685326410298,0.9999765282285112,16.47,85.42,80.87,111.35373,4.177495,1.849685
vit.cpp_large-1,baseline,2.582,1.0299162345432786,0.04982687977051292,0.07346885138599411,0,0.11462626039770653,0.9999949743566549,23.17,90.55,82,62.46502,4.160295,2.170565
vit.cpp_large-1,triangel,2.741,1.0933386517750299,0.3503526354014882,0.047502381529860284,0,0.49320233925645063,1.0560974874296096,17.48,78.18,79.18,60.991855,2.844455,1.203755
vit.cpp_large-1,prophet,2.553,1.018348623853211,0.06624703662931716,0.04936429995508731,0,0.14388021801986778,1.0871672710002789,23.75,95.94,82.2,62.487375,4.0884,2.2344
vit.cpp_large-1,kairos,2.49,0.9932189868368568,9.135632162906593e-06,0.003613888138340989,0,0.07476635514018691,1.0448488412122856,26.36,105.7,84.23,62.84025,4.37842,3.913015
vit.cpp_large-1,ptp,2.581,1.029517351416035,0.04983829931071655,0.06722618070819109,0,0.11501440018550285,0.9999924615349822,23.17,90.57,82.01,62.464375,4.160245,2.17668
whisper-1,baseline,2.525,1.0193782801776343,0.1447719771644306,0.20841510930304002,0,0.2541834469914896,1.0000346047037405,35.61,85.05,92.09,24.14186,5.781025,1.9601
whisper-1,triangel,2.506,1.011707710940654,0.39759868513513313,0.10834170481187072,0,0.667304352360037,1.130978803657717,30.14,95.15,93.02,23.238795,4.07201,2.26508
whisper-1,prophet,2.464,0.9947517157852241,0.19555804089868825,0.1576234778991241,0,0.31164097752337483,1.1857532434700444,37.3,96.19,92.76,23.992425,5.43773,2.106025
whisper-1,kairos,2.442,0.9858700040371419,0.0,0.0,0,0,1.0944573838267226,46.51,103.3,92.57,25.268355,6.75963,5.46072
whisper-1,ptp,2.527,1.0201857085183692,0.1404662681241429,0.13163612999976113,0,0.24968245327526764,1.0000259535278053,35.72,84.92,92.01,24.208465,5.81013,2.004675
whisper-2,baseline,2.523,1.0198059822150363,0.14403199296675712,0.2119535643281954,0,0.25957796408080086,0.999992325277753,37.34,86.64,93.1,23.3141,5.783335,2.046395
whisper-2,triangel,2.515,1.0165723524656427,0.3862089533241027,0.12661372627892603,0,0.5761106542221143,1.127346666244557,30.56,91.17,94.66,22.343475,4.14707,1.82263
whisper-2,prophet,2.459,0.9939369442198868,0.19059170559839916,0.1615996880966761,0,0.30821500589393314,1.184720011742325,39.33,98.13,94.43,23.06073,5.468755,2.180045
whisper-2,kairos,2.44,0.9862570735650767,0.0,0.0,0,0,1.0926645964103405,48.18,103.3,92.59,24.148685,6.756485,5.459865
whisper-2,ptp,2.523,1.0198059822150363,0.1416032152813186,0.13396795433233274,0,0.2569476620427261,0.9999817725346634,37.44,86.67,93.17,23.386755,5.799745,2.08145
whisper-3,baseline,2.514,1.0207064555420218,0.15373605071204766,0.21823487310636847,0,0.2750933007359546,1.000000961728033,37.43,85.6,92.83,22.59584,5.72319,2.0286
whisper-3,triangel,2.5,1.0150223304912709,0.409802613971246,0.11505754226759483,0,0.6808444258290046,1.1345072826855294,31.36,95.78,93.58,21.537595,3.99144,2.237175
whisper-3,prophet,2.462,0.9995939910678036,0.20606205335293049,0.16722105548404578,0,0.33210444223874247,1.1884804216215696,39.23,97.08,93.82,22.33255,5.369315,2.16322
whisper-3,kairos,2.429,0.9861956963053187,0.0,0.0,0,0,1.0947138618670027,49.23,103.3,92.71,23.49217,6.76289,5.459105
whisper-3,ptp,2.513,1.0203004466098253,0.1496142921147616,0.13845145514348126,0,0.2713518442774094,0.9999567222385182,37.57,85.58,92.61,22.656285,5.751065,2.077705
Average,baseline,0.9718,1.0283,0.0467,0.3884,0.0000,0.2013,1.0000,71.6406,101.8341,88.9431,114.5991,43.1418,39.1481
Average,triangel,0.9763,1.0330,0.1882,0.1011,0.0000,0.6677,1.0788,68.8956,106.2294,89.3537,113.4921,39.7294,38.0702
Average,prophet,0.9553,1.0109,0.0648,0.3088,0.0000,0.3444,1.0776,73.0091,106.8972,89.3522,114.5824,42.9239,39.8556
Average,kairos,0.9388,0.9934,0.0013,0.2756,0.0000,0.4306,1.0526,76.1734,111.5256,88.6819,114.8285,43.3249,42.1761
Average,ptp,0.9718,1.0283,0.0462,0.1004,0.0000,0.1927,1.0000,71.6441,101.7862,88.9088,114.6249,43.1430,39.1515
